Reading_ID,Temperature_C,Vibration_mm_s,Inlet_Pressure_bar,Outlet_Pressure_bar,Flow_Rate_Lmin,RPM,Power_kW,Operating_Hours,Condition
1,70.3,3.2,1.14,5.26,115.5,1452.0,4.19,7.0,Normal
2,69.1,2.94,1.17,5.19,115.8,1451.0,4.33,45.0,Normal
3,70.2,3.26,1.15,5.03,124.1,1460.0,4.22,39.0,Normal
4,71.1,3.61,1.17,5.12,118.0,1440.0,4.26,25.0,Normal
5,70.1,2.91,1.19,5.17,120.3,1429.0,4.55,81.0,Normal
6,70.1,2.91,1.24,5.01,115.6,1452.0,4.5,0.0,Normal
7,68.6,3.63,1.18,5.11,115.7,1453.0,4.11,122.0,Normal
8,68.7,3.31,1.12,5.28,121.2,1468.0,4.42,19.0,Normal
9,67.2,2.81,1.26,5.37,113.9,1435.0,4.42,61.0,Normal
10,73.5,3.22,1.16,5.15,116.8,1464.0,4.13,89.0,Normal
11,67.5,2.82,1.2,5.29,118.1,1478.0,4.42,96.0,Normal
12,68.6,2.82,1.22,4.97,118.3,1445.0,4.53,140.0,Normal
13,68.6,3.1,1.21,5.28,117.5,1434.0,4.13,88.0,Normal
14,71.8,2.24,1.25,5.1,119.2,1445.0,4.16,138.0,Normal
15,69.4,2.31,1.22,5.24,120.1,1450.0,4.45,123.0,Normal
16,72.5,2.78,1.16,5.17,120.2,1457.0,4.34,159.0,Normal
17,68.7,2.6,1.31,5.36,115.0,1443.0,4.38,158.0,Normal
18,70.6,3.13,1.21,5.09,117.1,1469.0,4.35,173.0,Normal
19,68.3,2.64,1.19,5.27,121.6,1437.0,4.36,164.0,Normal
20,74.3,2.44,1.25,5.17,120.7,1429.0,4.1,175.0,Normal
21,67.6,3.59,1.21,5.18,113.9,1463.0,4.46,209.0,Normal
22,70.6,2.91,1.22,5.18,119.0,1423.0,4.48,238.0,Normal
23,71.3,3.03,1.32,5.1,112.0,1448.0,4.27,202.0,Normal
24,70.9,2.44,1.19,5.2,118.1,1487.0,4.29,204.0,Normal
25,69.7,2.79,1.18,5.19,123.7,1450.0,4.07,258.0,Normal
26,69.8,3.05,1.21,5.23,115.1,1436.0,4.38,249.0,Normal
27,70.1,2.55,1.25,5.21,115.5,1449.0,4.39,285.0,Normal
28,69.7,3.16,1.12,5.3,120.3,1449.0,4.29,243.0,Normal
29,72.0,2.77,1.1,5.31,113.3,1452.0,4.47,227.0,Normal
30,74.5,2.89,1.17,5.07,116.1,1458.0,4.25,274.0,Normal
31,68.9,2.77,1.12,5.3,119.8,1437.0,4.39,277.0,Normal
32,67.3,3.75,1.18,5.06,116.1,1470.0,4.15,308.0,Normal
33,69.9,3.0,1.22,5.27,117.3,1453.0,4.3,301.0,Normal
34,75.2,2.59,1.16,5.27,120.2,1459.0,4.28,352.0,Normal
35,68.4,3.34,1.13,4.97,119.2,1442.0,4.34,331.0,Normal
36,73.3,2.52,1.2,5.21,118.8,1465.0,4.25,355.0,Normal
37,73.4,3.1,1.24,5.14,116.9,1447.0,4.28,365.0,Normal
38,68.9,2.23,1.11,5.11,119.1,1453.0,4.43,376.0,Normal
39,71.2,2.48,1.24,5.36,117.6,1439.0,4.24,379.0,Normal
40,73.3,3.09,1.24,5.12,119.3,1438.0,4.06,405.0,Normal
41,69.3,3.31,1.25,5.1,116.5,1458.0,4.57,376.0,Normal
42,69.7,3.08,1.26,5.21,117.4,1445.0,4.51,452.0,Normal
43,68.9,2.97,1.31,5.28,115.0,1440.0,4.11,413.0,Normal
44,68.0,2.9,1.18,5.18,117.8,1442.0,4.41,391.0,Normal
45,68.8,2.43,1.2,5.34,115.5,1458.0,4.23,446.0,Normal
46,67.6,2.73,1.18,5.26,114.6,1442.0,4.34,424.0,Normal
47,70.1,2.84,1.2,4.94,118.7,1448.0,4.35,480.0,Normal
48,68.5,3.44,1.28,5.13,118.6,1450.0,4.27,536.0,Normal
49,70.6,3.16,1.13,5.13,120.3,1427.0,4.19,456.0,Normal
50,67.0,2.32,1.16,5.26,116.6,1432.0,4.2,500.0,Normal
51,70.8,3.15,1.27,4.88,119.2,1454.0,4.17,447.0,Normal
52,71.8,2.87,1.25,5.5,119.6,1441.0,4.18,524.0,Normal
53,66.1,2.75,1.18,5.26,119.3,1462.0,4.29,493.0,Normal
54,70.9,3.27,1.24,5.22,115.4,1461.0,4.2,511.0,Normal
55,72.6,3.44,1.22,5.34,118.4,1458.0,4.41,507.0,Normal
56,67.7,3.4,1.27,5.48,119.0,1472.0,4.53,572.0,Normal
57,73.5,2.69,1.2,5.3,117.9,1449.0,4.22,590.0,Normal
58,71.0,2.91,1.25,5.31,111.6,1458.0,4.34,571.0,Normal
59,68.7,3.16,1.33,5.21,118.4,1443.0,4.38,554.0,Normal
60,70.0,3.42,1.23,5.18,124.5,1479.0,4.38,638.0,Normal
61,71.2,2.84,1.2,5.14,116.8,1474.0,4.32,577.0,Normal
62,70.3,2.96,1.23,5.1,115.7,1450.0,4.42,545.0,Normal
63,71.2,2.59,1.18,5.11,119.0,1454.0,4.38,634.0,Normal
64,68.3,2.56,1.32,5.03,118.8,1466.0,4.12,597.0,Normal
65,70.5,3.36,1.21,5.19,121.5,1448.0,4.44,670.0,Normal
66,67.3,3.58,1.18,4.99,114.1,1442.0,4.44,639.0,Normal
67,69.9,3.01,1.16,5.22,120.1,1460.0,4.19,678.0,Normal
68,68.3,3.44,1.25,5.19,119.6,1451.0,4.31,712.0,Normal
69,68.7,3.18,1.24,5.21,117.4,1452.0,4.41,644.0,Normal
70,72.6,2.78,1.17,5.13,118.9,1440.0,4.28,673.0,Normal
71,72.4,3.19,1.23,5.57,121.0,1429.0,4.47,698.0,Normal
72,71.4,3.66,1.12,5.36,120.5,1452.0,4.66,756.0,Normal
73,68.0,3.03,1.21,5.05,114.4,1460.0,4.19,700.0,Normal
74,69.5,3.67,1.22,5.22,120.3,1447.0,4.1,712.0,Normal
75,72.6,2.0,1.28,5.12,117.7,1467.0,4.35,754.0,Normal
76,70.5,3.38,1.16,5.07,118.1,1441.0,4.42,733.0,Normal
77,74.8,3.08,1.13,5.03,118.1,1437.0,4.28,765.0,Normal
78,71.0,2.93,1.15,5.25,117.4,1449.0,4.53,723.0,Normal
79,70.6,3.09,1.13,5.11,121.4,1449.0,4.11,846.0,Normal
80,69.6,2.26,1.26,5.31,117.6,1459.0,4.41,750.0,Normal
81,70.5,2.97,1.28,5.31,114.5,1440.0,4.22,790.0,Normal
82,69.9,3.2,1.21,5.36,116.6,1466.0,4.57,809.0,Normal
83,71.6,3.65,1.26,5.09,118.4,1473.0,4.61,877.0,Normal
84,72.1,2.85,1.2,5.25,121.5,1449.0,4.2,790.0,Normal
85,68.7,2.73,1.19,5.27,119.6,1464.0,4.23,900.0,Normal
86,67.6,2.86,1.18,5.14,115.3,1437.0,4.44,873.0,Normal
87,66.6,3.43,1.18,5.1,125.3,1462.0,4.25,873.0,Normal
88,71.3,3.19,1.12,5.39,118.6,1462.0,4.31,840.0,Normal
89,68.0,2.85,1.21,5.22,121.6,1460.0,4.32,897.0,Normal
90,66.0,3.27,1.2,5.27,117.3,1449.0,4.03,868.0,Normal
91,71.0,3.1,1.23,5.1,119.4,1414.0,4.31,938.0,Normal
92,75.3,3.45,1.2,5.05,120.3,1442.0,4.21,881.0,Normal
93,70.3,2.79,1.19,5.13,121.4,1442.0,4.24,917.0,Normal
94,72.0,2.94,1.15,5.18,121.0,1438.0,4.53,913.0,Normal
95,70.4,2.91,1.2,5.07,120.4,1451.0,4.13,910.0,Normal
96,70.1,2.49,1.23,5.19,116.8,1444.0,4.44,972.0,Normal
97,72.1,3.19,1.14,4.99,116.1,1439.0,4.27,976.0,Normal
98,69.7,3.18,1.2,5.06,118.8,1437.0,4.27,1006.0,Normal
99,70.8,3.08,1.21,5.27,120.6,1441.0,4.43,927.0,Normal
100,71.0,2.98,1.16,5.27,117.1,1463.0,4.37,1022.0,Normal
101,69.0,2.51,1.17,5.15,120.9,1441.0,4.4,1075.0,Normal
102,72.3,2.91,1.21,5.07,122.1,1443.0,4.46,996.0,Normal
103,70.0,2.95,1.14,5.07,115.0,1444.0,4.27,1077.0,Normal
104,68.8,2.76,1.21,5.15,115.2,1453.0,4.23,1022.0,Normal
105,71.4,3.02,1.15,5.27,117.3,1455.0,4.15,999.0,Normal
106,68.6,3.25,1.25,5.3,118.6,1413.0,4.19,1041.0,Normal
107,70.4,3.84,1.31,5.13,116.1,1461.0,4.76,1091.0,Normal
108,70.3,3.16,1.15,5.05,121.8,1466.0,4.5,1045.0,Normal
109,72.5,3.19,1.22,5.22,119.0,1437.0,4.12,1062.0,Normal
110,71.3,3.06,1.16,5.09,117.8,1437.0,4.12,1108.0,Normal
111,70.3,2.33,1.25,5.13,113.4,1444.0,4.39,1100.0,Normal
112,72.0,3.09,1.13,5.35,113.7,1440.0,4.4,1128.0,Normal
113,73.2,3.12,1.22,5.29,118.5,1452.0,4.4,1127.0,Normal
114,71.5,4.08,1.15,5.21,111.3,1426.0,4.28,1144.0,Normal
115,70.4,3.02,1.19,5.04,120.7,1436.0,4.3,1127.0,Normal
116,67.8,3.22,1.14,5.22,117.2,1468.0,4.37,1157.0,Normal
117,68.3,3.09,1.24,5.32,127.4,1438.0,4.33,1132.0,Normal
118,69.8,2.64,1.15,5.15,124.6,1464.0,3.99,1209.0,Normal
119,69.2,3.56,1.22,5.35,117.1,1453.0,4.29,1161.0,Normal
120,70.1,3.41,1.18,5.34,117.3,1427.0,4.19,1224.0,Normal
121,70.6,3.43,1.19,5.39,120.6,1457.0,4.35,1193.0,Normal
122,71.5,2.75,1.2,5.23,122.8,1448.0,4.77,1216.0,Normal
123,70.3,3.68,1.16,5.26,112.7,1443.0,4.38,1205.0,Normal
124,71.4,2.56,1.21,5.36,112.3,1452.0,4.28,1200.0,Normal
125,70.6,3.35,1.27,5.24,115.8,1455.0,4.46,1188.0,Normal
126,66.5,4.0,1.16,5.13,119.4,1457.0,4.4,1218.0,Normal
127,68.6,2.72,1.25,5.13,119.1,1463.0,4.39,1250.0,Normal
128,70.2,2.9,1.27,5.22,120.8,1454.0,4.42,1276.0,Normal
129,68.1,3.16,1.15,5.03,114.0,1432.0,4.63,1310.0,Normal
130,71.7,2.92,1.12,5.17,110.7,1443.0,4.16,1277.0,Normal
131,73.6,2.51,1.21,5.32,120.2,1484.0,4.4,1274.0,Normal
132,73.0,3.16,1.17,4.92,115.1,1457.0,4.19,1267.0,Normal
133,70.1,2.71,1.29,5.37,111.5,1477.0,4.41,1334.0,Normal
134,73.5,3.32,1.2,5.32,118.0,1466.0,4.19,1371.0,Normal
135,70.8,2.77,1.15,5.13,120.0,1452.0,4.26,1378.0,Normal
136,69.9,3.76,1.14,5.25,117.2,1452.0,4.28,1371.0,Normal
137,69.3,2.83,1.25,5.19,116.2,1448.0,4.47,1379.0,Normal
138,70.0,3.01,1.17,5.33,117.1,1428.0,4.47,1421.0,Normal
139,69.8,3.47,1.2,5.3,116.4,1449.0,4.14,1390.0,Normal
140,70.9,2.65,1.24,5.02,113.5,1463.0,4.34,1409.0,Normal
141,70.9,3.24,1.17,5.26,115.4,1441.0,4.22,1390.0,Normal
142,70.6,3.67,1.19,5.16,119.1,1454.0,4.14,1369.0,Normal
143,71.5,2.51,1.19,5.2,118.5,1459.0,4.3,1399.0,Normal
144,73.0,3.23,1.23,5.1,118.0,1438.0,4.28,1430.0,Normal
145,72.5,3.26,1.22,5.4,114.5,1443.0,4.69,1442.0,Normal
146,67.7,3.47,1.18,5.31,117.0,1436.0,4.4,1508.0,Normal
147,65.5,2.66,1.2,5.1,111.0,1439.0,4.12,1462.0,Normal
148,72.5,2.63,1.18,5.03,118.0,1433.0,4.25,1505.0,Normal
149,67.9,3.37,1.12,5.14,121.8,1438.0,4.49,1467.0,Normal
150,70.2,3.28,1.21,5.24,113.1,1466.0,4.65,1481.0,Normal
151,68.3,3.27,1.29,5.21,115.7,1437.0,4.1,1460.0,Normal
152,67.1,3.31,1.15,5.33,118.5,1450.0,4.05,1488.0,Normal
153,71.8,2.9,1.15,5.28,121.2,1442.0,4.61,1536.0,Normal
154,72.2,3.26,1.15,5.3,116.1,1463.0,4.39,1530.0,Normal
155,69.5,3.29,1.23,5.22,115.4,1464.0,4.2,1568.0,Normal
156,65.5,2.89,1.22,5.02,111.5,1459.0,4.42,1555.0,Normal
157,69.6,3.92,1.18,5.16,117.8,1452.0,3.94,1549.0,Normal
158,71.5,3.37,1.15,5.31,123.6,1446.0,4.34,1634.0,Normal
159,67.8,2.71,1.2,5.18,118.3,1434.0,4.39,1577.0,Normal
160,71.1,3.45,1.11,5.24,117.4,1472.0,4.48,1625.0,Normal
161,70.7,2.8,1.2,5.14,118.4,1439.0,4.19,1588.0,Normal
162,71.9,3.5,1.24,5.06,117.4,1456.0,4.35,1631.0,Normal
163,71.0,3.65,1.13,5.17,115.0,1461.0,4.2,1648.0,Normal
164,68.8,2.86,1.12,5.22,119.9,1442.0,4.38,1636.0,Normal
165,73.2,3.58,1.27,5.1,118.1,1461.0,4.2,1569.0,Normal
166,70.5,3.36,1.16,5.15,117.4,1457.0,4.28,1651.0,Normal
167,70.7,3.53,1.25,5.07,114.4,1469.0,4.19,1697.0,Normal
168,68.9,3.96,1.18,5.32,121.3,1443.0,4.44,1686.0,Normal
169,69.9,3.11,1.18,5.15,119.4,1433.0,4.47,1693.0,Normal
170,69.1,2.9,1.21,5.36,115.7,1442.0,4.31,1638.0,Normal
171,70.5,2.85,1.15,5.36,120.4,1451.0,4.35,1678.0,Normal
172,74.3,2.88,1.2,5.17,115.8,1449.0,4.12,1722.0,Normal
173,68.1,3.18,1.17,5.06,115.0,1443.0,4.3,1732.0,Normal
174,67.6,3.35,1.13,4.93,115.0,1425.0,4.34,1766.0,Normal
175,73.8,3.33,1.21,5.0,112.0,1454.0,4.74,1736.0,Normal
176,70.5,3.55,1.18,5.01,118.7,1472.0,4.18,1762.0,Normal
177,69.5,3.23,1.18,5.34,111.8,1454.0,4.56,1760.0,Normal
178,73.0,3.8,1.13,5.19,113.6,1455.0,4.49,1740.0,Normal
179,69.7,3.12,1.27,5.23,111.1,1455.0,4.39,1712.0,Normal
180,74.6,4.32,1.23,4.91,117.0,1453.0,4.61,1803.0,Normal
181,72.3,3.48,1.24,5.03,116.8,1459.0,4.4,1805.0,Normal
182,70.0,2.89,1.18,5.28,116.3,1453.0,4.4,1791.0,Normal
183,75.3,2.81,1.1,5.21,114.1,1444.0,4.34,1771.0,Normal
184,69.7,3.43,1.29,5.16,113.7,1438.0,4.53,1849.0,Normal
185,72.4,3.15,1.19,5.25,118.6,1445.0,4.51,1832.0,Normal
186,71.6,3.53,1.15,5.37,115.6,1452.0,4.25,1867.0,Normal
187,73.6,3.43,1.21,5.15,118.2,1444.0,4.15,1916.0,Normal
188,74.1,3.22,1.25,5.19,114.6,1451.0,4.32,1806.0,Normal
189,71.1,2.91,1.19,5.2,117.8,1453.0,4.23,1859.0,Normal
190,69.5,2.65,1.25,5.46,121.1,1458.0,4.34,1884.0,Normal
191,71.9,3.08,1.24,4.92,119.0,1463.0,4.54,1944.0,Normal
192,69.7,3.6,1.14,5.26,116.0,1449.0,4.28,1861.0,Normal
193,75.1,3.34,1.16,5.16,118.0,1432.0,4.35,1978.0,Normal
194,71.3,2.76,1.24,5.24,116.5,1443.0,4.36,1934.0,Normal
195,70.3,3.33,1.05,5.1,117.2,1448.0,4.48,1937.0,Normal
196,71.4,3.42,1.18,5.17,116.2,1426.0,4.02,1944.0,Normal
197,68.4,2.91,1.12,5.26,116.7,1464.0,4.26,1947.0,Normal
198,69.1,3.33,1.17,5.55,117.8,1449.0,4.39,2001.0,Normal
199,73.5,3.3,1.17,5.27,114.2,1452.0,4.53,1948.0,Normal
200,69.8,2.82,1.17,5.07,114.1,1464.0,4.28,2000.0,Normal
201,69.0,3.42,1.16,5.12,113.0,1440.0,4.07,1988.0,Normal
202,72.2,3.51,1.13,5.12,112.3,1454.0,4.45,1987.0,Normal
203,73.5,3.72,1.3,4.96,113.5,1446.0,4.26,2098.0,Normal
204,72.6,3.71,1.28,5.13,117.6,1445.0,4.18,2043.0,Normal
205,73.1,2.74,1.13,5.26,114.4,1438.0,4.26,2058.0,Normal
206,69.6,2.92,1.27,5.02,118.6,1467.0,4.33,2084.0,Normal
207,68.3,3.5,1.17,5.3,117.2,1443.0,4.27,2017.0,Normal
208,74.2,3.5,1.19,5.23,111.2,1456.0,4.03,2123.0,Normal
209,70.5,3.5,1.18,5.08,119.0,1425.0,4.49,2005.0,Normal
210,70.7,4.84,1.15,5.16,119.5,1461.0,4.55,2067.0,Normal
211,73.9,3.53,1.24,5.36,114.1,1460.0,4.46,2086.0,Normal
212,72.3,3.76,1.19,5.26,118.3,1448.0,4.19,2127.0,Normal
213,72.1,3.69,1.16,5.17,114.5,1444.0,4.33,2127.0,Normal
214,75.6,3.57,1.12,5.14,117.3,1452.0,4.36,2125.0,Normal
215,70.0,3.19,1.14,5.18,113.2,1475.0,4.45,2140.0,Normal
216,73.1,3.62,1.11,5.11,111.6,1426.0,4.46,2121.0,Normal
217,71.4,3.01,1.19,4.92,115.8,1456.0,4.25,2115.0,Normal
218,71.8,3.23,1.13,5.42,116.6,1436.0,4.38,2192.0,Normal
219,74.4,3.13,1.17,5.19,115.8,1447.0,4.43,2201.0,Normal
220,72.3,3.36,1.26,5.22,113.4,1444.0,4.58,2238.0,Normal
221,72.4,4.26,1.25,5.16,115.8,1442.0,4.47,2176.0,Normal
222,73.5,2.59,1.19,5.08,117.8,1447.0,4.48,2231.0,Normal
223,70.6,3.61,1.18,5.15,116.8,1433.0,4.38,2211.0,Normal
224,69.7,2.69,1.28,4.98,117.5,1459.0,4.58,2266.0,Normal
225,69.3,3.15,1.21,5.44,114.9,1425.0,4.43,2271.0,Normal
226,67.4,3.78,1.17,5.02,120.4,1453.0,4.24,2256.0,Normal
227,75.5,3.37,1.11,5.04,113.4,1443.0,4.58,2250.0,Normal
228,69.2,2.92,1.21,5.11,118.4,1433.0,4.47,2299.0,Normal
229,71.0,3.07,1.23,5.32,120.4,1449.0,4.3,2299.0,Normal
230,70.9,3.63,1.15,5.17,118.3,1428.0,4.3,2269.0,Normal
231,72.0,3.07,1.2,5.02,116.3,1447.0,4.42,2260.0,Normal
232,73.1,3.45,1.17,5.32,115.3,1430.0,4.44,2301.0,Normal
233,73.2,3.38,1.18,5.25,120.0,1452.0,4.4,2365.0,Normal
234,70.3,3.11,1.06,5.23,112.6,1436.0,4.42,2364.0,Normal
235,71.1,4.23,1.17,5.25,113.9,1441.0,4.63,2307.0,Normal
236,72.1,3.63,1.23,5.45,115.6,1450.0,4.54,2315.0,Normal
237,71.0,2.56,1.15,5.43,120.5,1437.0,4.4,2398.0,Normal
238,74.7,3.45,1.19,5.08,118.0,1446.0,4.52,2336.0,Normal
239,72.5,3.12,1.15,5.36,113.9,1428.0,4.22,2395.0,Normal
240,73.0,3.72,1.2,5.21,115.9,1454.0,4.44,2372.0,Normal
241,72.9,3.07,1.17,5.22,114.9,1468.0,4.65,2449.0,Normal
242,73.9,3.34,1.14,4.96,114.6,1480.0,4.35,2387.0,Normal
243,71.9,3.59,1.25,5.14,119.7,1447.0,4.25,2454.0,Normal
244,69.0,3.74,1.23,5.07,112.6,1456.0,4.28,2436.0,Normal
245,72.4,2.92,1.15,5.26,121.6,1425.0,4.22,2448.0,Normal
246,70.3,3.27,1.21,5.29,119.2,1464.0,4.26,2391.0,Normal
247,70.6,3.21,1.21,4.91,120.0,1456.0,4.33,2394.0,Normal
248,72.8,3.15,1.22,5.16,115.3,1440.0,4.17,2463.0,Normal
249,74.1,4.12,1.1,5.3,116.3,1461.0,4.38,2487.0,Normal
250,71.7,3.57,1.23,5.14,112.4,1443.0,4.52,2456.0,Normal
251,72.3,2.91,1.15,5.25,115.1,1441.0,4.25,2467.0,Normal
252,75.1,3.79,1.17,5.2,118.2,1452.0,4.61,2527.0,Normal
253,72.2,4.27,1.32,5.2,120.6,1433.0,4.46,2537.0,Normal
254,76.9,3.84,1.2,5.13,113.3,1458.0,4.54,2526.0,Normal
255,72.8,2.82,1.16,5.01,115.6,1433.0,4.29,2563.0,Normal
256,68.2,3.24,1.07,5.03,116.2,1433.0,4.51,2515.0,Normal
257,73.2,3.94,1.25,5.24,112.4,1435.0,4.22,2549.0,Normal
258,72.5,3.15,1.12,5.16,118.4,1455.0,4.52,2619.0,Normal
259,74.3,3.62,1.13,5.14,114.4,1439.0,4.41,2582.0,Normal
260,73.1,3.75,1.17,5.11,116.0,1430.0,4.47,2594.0,Normal
261,71.5,3.08,1.25,5.12,115.2,1439.0,4.21,2669.0,Normal
262,69.3,3.43,1.22,5.28,114.2,1445.0,4.26,2568.0,Normal
263,71.4,2.16,1.17,5.12,116.6,1432.0,4.48,2644.0,Normal
264,70.1,3.05,1.2,5.0,115.9,1432.0,4.25,2680.0,Normal
265,70.7,3.36,1.15,5.25,115.4,1471.0,4.46,2630.0,Normal
266,73.0,2.96,1.19,5.13,114.4,1435.0,4.19,2676.0,Normal
267,75.2,4.12,1.19,5.16,117.5,1442.0,4.52,2631.0,Normal
268,72.7,2.9,1.23,5.35,121.5,1441.0,4.21,2649.0,Normal
269,69.5,3.3,1.23,5.15,116.9,1441.0,4.48,2692.0,Normal
270,72.8,3.53,1.21,5.19,119.5,1453.0,4.49,2714.0,Normal
271,74.3,4.05,1.16,5.01,112.3,1457.0,4.29,2734.0,Normal
272,70.7,2.91,1.22,5.13,117.0,1442.0,4.48,2757.0,Normal
273,71.7,3.95,1.18,5.23,113.2,1431.0,4.44,2718.0,Normal
274,72.0,3.49,1.13,4.97,112.0,1461.0,4.32,2766.0,Normal
275,70.4,3.1,1.16,5.18,114.2,1444.0,4.25,2730.0,Normal
276,73.3,3.68,1.18,5.17,120.0,1466.0,4.1,2777.0,Normal
277,71.7,3.58,1.23,5.16,119.3,1418.0,4.45,2766.0,Normal
278,72.8,3.26,1.17,5.28,117.2,1448.0,4.17,2783.0,Normal
279,70.2,3.53,1.12,5.19,111.8,1468.0,4.41,2793.0,Normal
280,71.2,3.35,1.18,5.33,115.8,1441.0,4.36,2742.0,Normal
281,73.5,3.56,1.19,5.03,117.3,1443.0,4.5,2766.0,Normal
282,71.3,3.78,1.19,5.17,116.9,1449.0,4.36,2813.0,Normal
283,75.5,4.15,1.23,5.16,110.8,1438.0,4.35,2769.0,Normal
284,71.3,3.02,1.23,5.02,113.7,1441.0,4.51,2855.0,Normal
285,72.5,4.38,1.15,5.27,116.2,1441.0,4.45,2866.0,Normal
286,74.0,2.75,1.15,5.43,118.0,1438.0,4.45,2860.0,Normal
287,69.3,3.47,1.13,5.15,109.7,1460.0,4.48,2826.0,Normal
288,68.6,3.77,1.21,5.21,115.8,1451.0,4.18,2911.0,Normal
289,69.1,3.65,1.25,5.16,116.7,1448.0,4.52,2941.0,Normal
290,74.7,3.29,1.16,5.06,118.9,1455.0,4.5,2894.0,Normal
291,71.1,3.46,1.17,4.93,118.4,1442.0,4.26,2915.0,Normal
292,77.3,3.35,1.25,5.06,118.0,1436.0,4.37,2916.0,Normal
293,71.1,3.31,1.2,4.98,113.9,1438.0,4.4,2936.0,Normal
294,72.6,3.89,1.2,5.35,110.5,1445.0,4.39,2926.0,Normal
295,75.3,3.7,1.12,5.13,115.1,1432.0,4.46,2939.0,Normal
296,76.3,3.28,1.21,5.11,119.2,1439.0,4.63,2977.0,Normal
297,76.4,3.92,1.13,5.25,120.4,1439.0,4.57,3030.0,Normal
298,74.7,3.69,1.12,5.01,118.3,1470.0,4.22,2928.0,Normal
299,74.3,3.9,1.16,5.06,117.5,1411.0,4.51,2977.0,Normal
300,73.5,3.83,1.15,5.15,117.3,1443.0,4.61,2955.0,Normal
301,73.9,3.25,1.17,5.27,114.5,1465.0,4.47,3048.0,Normal
302,71.2,3.36,1.1,5.21,115.8,1446.0,4.58,2992.0,Normal
303,70.7,3.88,1.22,5.18,121.2,1454.0,4.72,2977.0,Normal
304,72.3,3.83,1.23,5.15,113.3,1446.0,4.57,3049.0,Normal
305,72.0,3.58,1.08,5.19,121.0,1437.0,4.46,3092.0,Normal
306,71.5,3.64,1.23,5.17,115.2,1418.0,4.58,3070.0,Normal
307,73.8,4.11,1.14,5.02,120.1,1447.0,4.44,3066.0,Normal
308,74.3,3.37,1.22,5.15,111.9,1435.0,4.42,3082.0,Normal
309,72.6,3.82,1.17,5.01,117.9,1435.0,4.37,3122.0,Normal
310,75.4,3.53,1.18,5.15,113.9,1438.0,4.66,3064.0,Normal
311,70.2,3.53,1.17,5.09,111.8,1465.0,4.3,3097.0,Normal
312,72.1,4.06,1.24,5.45,116.7,1473.0,4.65,3096.0,Normal
313,71.0,3.95,1.11,5.14,119.1,1447.0,4.5,3085.0,Normal
314,68.8,3.95,1.21,4.97,113.5,1439.0,4.21,3120.0,Normal
315,72.3,4.15,1.23,5.13,111.5,1430.0,4.48,3173.0,Normal
316,72.3,3.64,1.21,5.2,115.7,1450.0,4.11,3167.0,Normal
317,75.6,3.91,1.29,5.34,115.7,1466.0,4.52,3179.0,Normal
318,73.8,3.51,1.15,5.07,117.6,1441.0,4.56,3174.0,Normal
319,70.5,3.77,1.22,4.95,118.8,1415.0,4.34,3196.0,Normal
320,76.3,3.59,1.17,5.24,115.8,1452.0,4.45,3166.0,Normal
321,75.0,3.69,1.24,4.97,121.5,1456.0,4.72,3191.0,Normal
322,73.8,3.89,1.17,5.09,116.6,1425.0,4.35,3216.0,Normal
323,72.2,3.33,1.15,5.11,114.9,1446.0,4.27,3228.0,Normal
324,70.7,4.5,1.24,5.13,111.1,1449.0,4.65,3240.0,Normal
325,71.9,3.26,1.15,5.22,115.1,1443.0,4.73,3236.0,Normal
326,74.8,3.18,1.1,5.06,114.9,1434.0,4.43,3239.0,Normal
327,76.5,4.13,1.15,5.1,118.8,1456.0,4.59,3355.0,Normal
328,75.8,3.99,1.2,5.14,117.3,1439.0,4.64,3297.0,Normal
329,71.7,3.93,1.24,5.16,112.3,1426.0,4.32,3292.0,Normal
330,70.5,3.93,1.18,5.15,116.4,1419.0,4.36,3283.0,Normal
331,73.0,3.68,1.24,5.19,117.9,1459.0,4.62,3286.0,Normal
332,69.2,3.33,1.1,5.24,120.4,1451.0,4.69,3306.0,Normal
333,73.4,3.72,1.15,5.18,118.5,1445.0,4.52,3329.0,Normal
334,72.5,3.43,1.16,5.19,118.1,1438.0,4.31,3274.0,Normal
335,71.9,4.09,1.17,4.95,116.0,1437.0,4.74,3293.0,Normal
336,69.6,3.65,1.18,5.14,117.0,1431.0,4.36,3331.0,Normal
337,73.9,3.38,1.21,5.19,119.5,1438.0,4.39,3366.0,Normal
338,71.8,3.58,1.15,5.22,111.8,1418.0,4.49,3363.0,Normal
339,70.5,3.88,1.18,5.05,114.7,1435.0,4.68,3424.0,Normal
340,67.1,3.49,1.17,5.05,113.4,1440.0,4.57,3346.0,Normal
341,72.8,3.39,1.12,5.06,116.9,1451.0,4.51,3377.0,Normal
342,76.5,3.82,1.17,5.2,119.4,1443.0,4.51,3456.0,Normal
343,76.2,3.83,1.16,5.26,113.9,1453.0,4.45,3424.0,Normal
344,72.0,3.53,1.16,5.08,108.5,1459.0,4.53,3457.0,Normal
345,71.7,3.55,1.17,5.24,114.4,1456.0,4.07,3502.0,Normal
346,73.9,3.84,1.17,5.15,118.4,1449.0,4.4,3429.0,Normal
347,71.0,3.17,1.15,5.12,117.3,1443.0,4.49,3457.0,Normal
348,73.6,3.19,1.23,5.1,116.9,1431.0,4.28,3462.0,Normal
349,74.5,3.47,1.11,5.22,114.8,1452.0,4.51,3421.0,Normal
350,75.5,3.67,1.13,5.17,111.8,1463.0,4.42,3481.0,Normal
351,72.8,3.89,1.31,5.4,117.2,1447.0,4.72,3526.0,Normal
352,72.7,4.36,1.12,5.03,113.1,1466.0,4.69,3526.0,Normal
353,71.3,4.11,1.1,5.19,122.1,1425.0,4.38,3539.0,Normal
354,71.4,3.71,1.21,5.06,117.3,1429.0,4.43,3519.0,Normal
355,72.7,3.77,1.07,5.02,113.8,1453.0,4.44,3520.0,Normal
356,73.9,3.38,1.16,5.13,113.7,1446.0,4.39,3588.0,Normal
357,75.0,3.78,1.28,5.14,115.3,1458.0,4.49,3545.0,Normal
358,71.6,3.67,1.09,5.48,114.8,1442.0,4.34,3579.0,Normal
359,76.2,3.92,1.07,5.1,118.9,1432.0,4.29,3585.0,Normal
360,72.6,3.47,1.09,4.99,116.1,1440.0,4.55,3634.0,Normal
361,73.2,4.01,1.21,5.16,113.3,1424.0,4.55,3629.0,Normal
362,71.7,4.42,1.22,4.88,121.1,1429.0,4.34,3571.0,Normal
363,68.4,3.77,1.14,5.11,115.6,1454.0,4.6,3584.0,Normal
364,75.0,3.97,1.2,5.13,117.7,1453.0,4.37,3647.0,Normal
365,74.7,4.09,1.24,5.22,113.6,1447.0,4.5,3638.0,Normal
366,72.7,3.66,1.26,5.24,116.5,1422.0,4.59,3636.0,Normal
367,73.4,3.92,1.15,5.06,116.3,1438.0,4.46,3690.0,Normal
368,74.4,3.83,1.05,5.1,109.7,1428.0,4.53,3676.0,Normal
369,70.2,3.87,1.13,5.03,121.4,1456.0,4.39,3682.0,Normal
370,72.3,3.53,1.15,4.99,119.2,1435.0,4.44,3713.0,Normal
371,75.0,3.85,1.15,5.16,114.2,1429.0,4.44,3689.0,Normal
372,70.9,4.05,1.16,4.97,112.0,1443.0,4.36,3757.0,Normal
373,74.0,4.43,1.22,5.07,116.4,1434.0,4.44,3696.0,Normal
374,70.7,4.24,1.23,5.0,115.6,1460.0,4.24,3750.0,Normal
375,74.4,4.72,1.16,5.19,116.4,1433.0,4.4,3783.0,Normal
376,73.4,3.56,1.22,5.34,115.9,1425.0,4.43,3709.0,Normal
377,70.2,4.22,1.18,4.96,116.8,1416.0,4.43,3750.0,Normal
378,75.8,3.94,1.17,4.9,119.6,1442.0,4.44,3804.0,Normal
379,72.0,4.75,1.21,5.1,117.0,1435.0,4.47,3815.0,Normal
380,71.9,3.56,1.17,5.12,112.1,1425.0,4.55,3785.0,Normal
381,73.9,3.55,1.27,5.14,119.3,1456.0,4.61,3778.0,Normal
382,75.8,3.65,1.09,5.06,120.1,1450.0,4.38,3839.0,Normal
383,71.5,3.04,1.14,5.09,124.7,1441.0,4.3,3856.0,Normal
384,73.7,3.69,1.16,5.16,111.8,1458.0,4.32,3795.0,Normal
385,74.5,3.6,1.19,5.24,115.9,1450.0,4.41,3804.0,Normal
386,75.0,3.96,1.23,4.88,108.9,1432.0,4.43,3857.0,Normal
387,74.0,4.05,1.16,5.07,116.8,1429.0,4.37,3879.0,Normal
388,72.9,4.66,1.09,5.14,113.5,1451.0,4.29,3861.0,Normal
389,72.0,4.3,1.21,5.0,120.9,1446.0,4.42,3900.0,Normal
390,73.9,3.69,1.2,5.32,112.8,1443.0,4.51,3869.0,Normal
391,71.6,3.57,1.07,5.04,110.0,1431.0,4.57,3837.0,Normal
392,67.9,4.13,1.16,5.11,113.7,1449.0,4.4,3897.0,Normal
393,74.6,3.41,1.08,5.18,109.1,1432.0,4.42,3922.0,Normal
394,75.6,4.67,1.13,5.04,117.3,1440.0,4.35,3922.0,Normal
395,69.0,4.41,1.12,4.89,108.8,1459.0,4.48,3905.0,Normal
396,71.8,3.76,1.2,5.06,115.1,1433.0,4.36,3896.0,Normal
397,75.0,3.27,1.17,5.24,108.8,1422.0,4.58,3945.0,Normal
398,77.9,4.5,1.1,5.07,114.0,1428.0,4.22,3997.0,Normal
399,73.9,3.91,1.21,5.01,119.9,1453.0,4.44,4018.0,Normal
400,72.4,4.46,1.09,5.22,116.1,1444.0,4.54,4026.0,Normal
401,73.5,3.33,1.18,5.07,112.4,1439.0,4.52,3976.0,Normal
402,76.6,3.73,1.12,5.05,114.8,1435.0,4.9,3975.0,Normal
403,72.6,3.98,1.14,5.13,115.0,1447.0,4.55,4035.0,Normal
404,72.3,4.0,1.19,5.2,116.3,1431.0,4.35,4049.0,Normal
405,73.0,3.81,1.19,5.39,110.8,1445.0,4.48,4052.0,Normal
406,72.1,4.24,1.23,5.21,116.7,1432.0,4.23,3990.0,Normal
407,74.2,3.57,1.16,5.25,106.8,1430.0,4.49,4034.0,Normal
408,77.2,3.94,1.18,5.05,113.0,1433.0,4.37,4069.0,Normal
409,74.7,4.05,1.14,4.98,113.4,1436.0,4.64,4095.0,Normal
410,73.5,4.21,1.17,5.11,116.7,1440.0,4.42,4113.0,Normal
411,73.5,4.3,1.18,5.12,114.9,1443.0,4.49,4104.0,Normal
412,70.9,3.57,1.15,4.98,110.6,1396.0,4.41,4120.0,Normal
413,75.9,3.41,1.07,5.08,111.8,1431.0,4.77,4123.0,Normal
414,73.9,4.54,1.18,5.15,115.4,1436.0,4.46,4151.0,Normal
415,73.8,4.16,1.18,5.15,114.5,1458.0,4.78,4149.0,Normal
416,80.5,3.74,1.12,5.16,113.0,1427.0,4.63,4152.0,Normal
417,74.8,4.66,1.09,5.14,113.3,1442.0,4.58,4152.0,Normal
418,72.7,4.09,1.23,5.04,116.8,1458.0,4.56,4172.0,Normal
419,73.3,4.52,1.18,5.04,113.2,1425.0,4.57,4195.0,Normal
420,76.5,4.08,1.15,4.96,114.4,1445.0,4.22,4198.0,Normal
421,74.5,4.88,1.1,5.32,121.2,1431.0,4.47,4211.0,Normal
422,71.4,4.76,1.12,5.1,110.4,1434.0,4.64,4250.0,Normal
423,76.1,3.97,1.22,5.07,109.1,1430.0,4.51,4228.0,Normal
424,72.9,4.46,1.16,4.99,117.0,1431.0,4.3,4211.0,Normal
425,78.1,4.33,1.13,5.45,112.6,1473.0,4.51,4267.0,Normal
426,76.5,4.63,1.18,4.97,113.6,1450.0,4.77,4209.0,Normal
427,73.4,3.7,1.12,5.05,112.2,1453.0,4.7,4228.0,Normal
428,76.9,4.36,1.23,5.15,113.8,1446.0,4.51,4280.0,Normal
429,74.5,4.52,1.22,5.17,119.4,1421.0,4.66,4295.0,Normal
430,76.1,3.4,1.13,5.21,117.0,1445.0,4.46,4253.0,Normal
431,75.4,3.63,1.12,5.31,117.1,1453.0,4.27,4289.0,Normal
432,72.7,3.29,1.02,5.16,110.3,1429.0,4.38,4292.0,Normal
433,73.2,4.01,1.08,4.97,111.0,1451.0,4.76,4305.0,Normal
434,76.5,4.4,1.09,5.07,106.0,1448.0,4.48,4358.0,Normal
435,73.8,4.72,1.16,5.13,112.0,1462.0,4.49,4361.0,Normal
436,73.7,4.16,1.14,5.34,117.3,1435.0,4.48,4349.0,Normal
437,72.6,4.78,1.09,4.93,116.0,1426.0,4.81,4344.0,Normal
438,75.4,3.58,1.14,5.24,113.8,1435.0,4.77,4330.0,Normal
439,78.7,3.46,1.18,5.12,114.3,1457.0,4.86,4423.0,Normal
440,72.4,4.12,1.18,5.19,112.3,1417.0,4.51,4408.0,Normal
441,74.6,4.3,1.06,5.08,115.0,1414.0,4.57,4379.0,Normal
442,77.4,4.14,1.15,4.99,116.7,1440.0,4.3,4432.0,Normal
443,74.5,3.33,1.08,5.18,109.5,1434.0,4.75,4418.0,Normal
444,75.6,4.13,1.2,5.17,115.2,1439.0,4.36,4421.0,Normal
445,72.6,3.65,1.19,5.21,117.1,1450.0,4.57,4453.0,Normal
446,75.6,4.44,1.11,5.09,113.1,1432.0,4.37,4428.0,Normal
447,74.3,4.33,1.11,5.02,116.4,1417.0,4.45,4450.0,Normal
448,76.7,3.81,1.13,4.9,122.7,1464.0,4.41,4474.0,Normal
449,77.1,3.98,1.04,5.19,114.0,1427.0,4.45,4465.0,Normal
450,80.0,3.77,1.17,5.14,115.4,1426.0,4.46,4510.0,Normal
451,76.0,4.17,1.14,4.97,112.0,1452.0,4.46,4556.0,Normal
452,75.5,4.58,1.2,5.02,114.8,1434.0,4.67,4487.0,Normal
453,75.2,3.81,1.1,5.03,115.6,1438.0,4.38,4470.0,Normal
454,74.1,4.41,1.12,4.91,114.8,1445.0,4.58,4470.0,Normal
455,75.5,4.0,1.08,4.99,111.1,1452.0,4.73,4535.0,Normal
456,74.3,3.9,1.1,4.95,114.8,1435.0,4.47,4530.0,Normal
457,75.2,4.18,1.09,5.04,118.5,1457.0,4.44,4566.0,Normal
458,77.6,3.82,1.2,5.0,115.5,1413.0,4.51,4574.0,Normal
459,72.9,4.01,1.12,4.89,117.0,1448.0,4.72,4532.0,Normal
460,77.2,3.76,1.16,5.33,113.4,1428.0,4.58,4536.0,Normal
461,77.6,5.03,1.13,5.23,116.3,1455.0,4.47,4609.0,Normal
462,74.8,4.27,1.09,4.99,114.9,1440.0,4.62,4614.0,Normal
463,70.8,3.98,1.14,5.12,111.2,1430.0,4.39,4607.0,Normal
464,73.8,4.35,1.18,5.13,115.0,1446.0,4.65,4580.0,Normal
465,77.7,4.22,1.09,5.23,111.0,1449.0,4.61,4654.0,Normal
466,75.0,4.18,1.19,4.98,112.1,1446.0,4.51,4688.0,Normal
467,73.1,4.52,1.11,5.21,114.6,1426.0,4.43,4668.0,Normal
468,74.1,4.58,1.12,5.02,114.9,1432.0,4.42,4645.0,Normal
469,76.8,4.07,1.18,4.92,110.4,1438.0,4.64,4681.0,Normal
470,76.3,4.06,1.12,5.17,117.1,1438.0,4.74,4649.0,Normal
471,74.7,4.19,1.15,5.23,115.6,1447.0,4.46,4732.0,Normal
472,74.5,3.38,1.13,5.39,111.8,1414.0,4.63,4712.0,Normal
473,74.4,3.7,1.15,4.93,109.3,1442.0,4.25,4667.0,Normal
474,73.4,4.86,1.03,5.16,113.4,1434.0,4.47,4721.0,Normal
475,78.5,4.97,1.06,5.03,112.5,1428.0,4.56,4754.0,Normal
476,74.6,4.22,1.18,5.17,114.2,1429.0,4.43,4740.0,Normal
477,77.7,4.56,1.2,4.9,112.7,1435.0,4.42,4752.0,Normal
478,78.4,4.45,1.1,4.92,107.8,1394.0,4.47,4733.0,Normal
479,77.3,5.57,1.13,4.98,112.6,1429.0,4.61,4797.0,Normal
480,74.5,4.79,1.16,5.09,112.9,1427.0,4.54,4771.0,Normal
481,76.2,4.29,1.18,5.0,115.7,1444.0,4.23,4735.0,Normal
482,75.4,3.97,1.04,5.15,111.7,1428.0,4.25,4799.0,Normal
483,73.6,3.71,1.1,5.2,118.8,1435.0,4.48,4849.0,Normal
484,76.1,4.44,1.13,5.15,108.0,1456.0,4.64,4818.0,Normal
485,73.1,4.06,1.18,5.27,117.6,1449.0,4.16,4892.0,Normal
486,77.9,3.8,1.27,5.12,113.0,1448.0,4.5,4863.0,Normal
487,74.6,4.12,1.13,4.93,116.3,1431.0,4.5,4870.0,Normal
488,75.9,3.95,1.07,5.24,113.9,1444.0,4.78,4866.0,Normal
489,76.1,5.06,1.16,5.0,117.1,1434.0,4.52,4878.0,Normal
490,75.0,4.74,1.21,5.18,112.5,1435.0,4.64,4882.0,Normal
491,76.8,4.39,1.15,5.26,110.3,1442.0,4.6,4891.0,Normal
492,74.7,4.99,1.1,5.12,117.9,1430.0,4.26,4926.0,Normal
493,77.4,4.44,1.19,4.89,113.2,1455.0,4.7,4892.0,Normal
494,73.0,4.07,1.18,4.96,114.2,1435.0,4.61,4898.0,Normal
495,75.9,5.03,1.09,5.23,117.3,1444.0,4.66,4906.0,Normal
496,79.6,4.64,1.16,5.05,110.4,1454.0,5.17,5011.0,Normal
497,73.7,4.01,1.19,5.08,115.3,1449.0,4.27,4976.0,Normal
498,74.4,4.36,1.2,5.16,111.7,1420.0,4.85,4979.0,Normal
499,76.8,4.09,1.14,5.15,113.1,1442.0,4.54,4948.0,Normal
500,76.1,3.89,1.12,5.1,113.7,1447.0,4.63,5009.0,Normal
501,76.5,4.82,1.2,5.04,108.9,1447.0,4.58,4997.0,Normal
502,76.8,5.22,1.08,5.03,111.1,1423.0,4.53,5016.0,Normal
503,77.1,3.9,1.16,5.17,117.5,1429.0,4.51,4991.0,Normal
504,78.1,4.69,1.07,5.13,116.1,1448.0,4.64,5035.0,Normal
505,76.7,4.21,1.19,5.03,113.2,1427.0,4.37,5027.0,Normal
506,75.4,4.28,1.13,5.19,114.1,1433.0,4.71,5027.0,Normal
507,77.3,4.24,1.2,5.05,112.5,1455.0,4.53,5082.0,Normal
508,79.7,4.14,1.17,4.96,117.4,1436.0,4.43,5024.0,Normal
509,75.7,4.51,1.08,4.97,112.7,1427.0,4.53,5097.0,Normal
510,74.0,4.16,1.21,4.94,114.0,1426.0,4.79,5111.0,Normal
511,78.2,4.61,1.22,5.03,116.7,1440.0,4.52,5074.0,Normal
512,75.8,4.49,1.18,5.21,110.9,1420.0,4.65,5085.0,Normal
513,71.7,4.42,1.1,4.96,117.9,1433.0,4.49,5113.0,Normal
514,77.8,4.15,1.12,5.08,108.6,1440.0,4.72,5138.0,Normal
515,75.0,4.29,1.15,4.98,118.1,1451.0,4.71,5135.0,Normal
516,75.9,4.83,1.1,5.03,112.1,1444.0,4.88,5163.0,Normal
517,76.8,4.73,1.22,4.88,112.5,1427.0,4.58,5213.0,Normal
518,76.5,4.15,1.15,5.03,107.5,1450.0,4.71,5155.0,Normal
519,77.6,4.58,1.0,5.03,111.8,1432.0,4.62,5129.0,Normal
520,75.3,4.85,1.16,5.12,110.0,1421.0,4.8,5215.0,Normal
521,77.2,3.89,1.12,5.08,111.3,1434.0,4.5,5250.0,Normal
522,75.7,4.78,1.13,4.91,112.7,1453.0,4.72,5222.0,Normal
523,77.7,4.3,1.12,5.18,116.0,1437.0,4.58,5187.0,Normal
524,77.5,4.8,1.18,5.08,113.7,1436.0,4.6,5226.0,Normal
525,74.4,4.27,1.19,5.08,114.0,1455.0,4.63,5206.0,Normal
526,78.5,3.86,1.15,5.05,109.7,1418.0,4.65,5269.0,Normal
527,75.3,3.94,1.12,4.99,110.4,1420.0,4.6,5219.0,Normal
528,78.0,4.61,1.13,5.08,118.4,1416.0,4.65,5261.0,Normal
529,77.1,4.7,1.14,5.11,110.8,1440.0,4.86,5250.0,Normal
530,80.1,4.24,1.1,4.84,117.9,1437.0,4.77,5294.0,Normal
531,76.0,4.86,1.16,4.99,112.2,1454.0,4.75,5289.0,Normal
532,75.8,3.95,1.16,5.02,112.9,1438.0,4.55,5315.0,Normal
533,76.4,4.59,1.21,5.08,116.1,1430.0,4.49,5321.0,Normal
534,75.9,4.14,1.2,5.19,116.7,1435.0,4.77,5300.0,Normal
535,78.1,4.37,1.1,4.96,112.5,1436.0,4.76,5359.0,Normal
536,73.3,4.65,1.18,4.99,111.7,1415.0,4.85,5349.0,Normal
537,74.5,4.3,1.09,4.99,112.7,1467.0,4.54,5330.0,Normal
538,74.4,4.49,1.17,4.95,113.8,1441.0,4.59,5437.0,Normal
539,78.5,5.05,1.11,5.0,115.5,1437.0,4.38,5394.0,Normal
540,80.1,4.43,1.08,5.14,112.8,1442.0,4.57,5385.0,Normal
541,76.4,5.0,1.15,4.92,114.6,1443.0,4.78,5442.0,Normal
542,76.3,4.22,1.0,5.1,117.7,1433.0,4.56,5465.0,Normal
543,76.8,4.89,1.05,4.84,113.9,1427.0,4.73,5416.0,Normal
544,79.0,5.26,1.12,4.98,113.7,1442.0,4.61,5440.0,Normal
545,74.9,3.7,1.14,5.0,108.1,1439.0,4.69,5410.0,Normal
546,77.2,4.37,1.11,5.24,104.8,1425.0,4.47,5446.0,Normal
547,78.7,4.93,1.05,5.01,113.8,1451.0,4.65,5454.0,Normal
548,77.8,4.62,1.09,4.78,112.4,1438.0,4.19,5476.0,Normal
549,77.2,4.86,1.15,4.8,111.1,1443.0,4.61,5490.0,Normal
550,78.9,4.47,1.16,5.05,113.3,1451.0,4.4,5507.0,Normal
551,71.5,4.75,1.13,5.11,112.4,1434.0,4.82,5507.0,Normal
552,78.3,4.66,1.19,5.08,116.0,1438.0,4.76,5474.0,Normal
553,75.6,5.2,1.15,5.06,112.8,1444.0,4.72,5492.0,Normal
554,73.3,4.84,1.09,5.18,110.3,1425.0,4.88,5514.0,Normal
555,78.0,4.88,1.12,4.97,115.5,1434.0,4.51,5532.0,Normal
556,79.7,4.58,1.06,5.15,111.9,1435.0,4.91,5582.0,Normal
557,76.7,4.56,1.12,4.84,114.1,1422.0,4.79,5525.0,Normal
558,78.9,4.59,1.19,4.93,111.0,1461.0,4.62,5559.0,Normal
559,80.3,4.92,1.16,4.82,110.5,1417.0,4.82,5609.0,Normal
560,79.7,4.6,1.2,5.0,112.7,1418.0,4.49,5581.0,Normal
561,80.4,4.89,1.11,5.03,112.5,1449.0,4.53,5614.0,Normal
562,78.6,5.61,1.2,5.05,113.8,1442.0,4.56,5606.0,Normal
563,77.3,5.14,1.12,5.04,111.6,1421.0,4.58,5628.0,Normal
564,74.0,4.66,1.2,4.92,106.9,1441.0,4.5,5623.0,Normal
565,76.7,5.28,1.13,5.01,111.0,1451.0,4.84,5660.0,Normal
566,75.5,4.64,1.16,4.85,114.7,1433.0,4.62,5604.0,Normal
567,81.6,3.99,1.2,5.2,111.4,1464.0,4.71,5649.0,Normal
568,76.9,4.41,1.12,4.99,111.6,1412.0,4.58,5679.0,Normal
569,77.5,4.07,1.14,4.97,115.2,1441.0,4.39,5696.0,Normal
570,78.4,4.69,1.19,5.22,110.1,1447.0,4.71,5735.0,Normal
571,77.4,4.84,1.12,4.88,107.6,1444.0,4.38,5688.0,Normal
572,80.7,5.51,1.06,4.89,111.7,1430.0,4.66,5754.0,Normal
573,76.1,4.98,1.23,4.9,110.8,1429.0,4.46,5700.0,Normal
574,77.8,4.76,1.1,5.02,109.3,1438.0,4.97,5770.0,Normal
575,75.9,5.19,1.13,5.08,111.6,1443.0,4.81,5765.0,Normal
576,74.8,3.98,1.18,5.12,113.6,1440.0,4.69,5723.0,Normal
577,76.2,4.96,1.09,5.34,112.1,1445.0,4.86,5769.0,Normal
578,77.4,5.18,1.07,4.76,113.0,1420.0,4.55,5768.0,Normal
579,76.7,4.29,1.14,5.1,117.5,1430.0,4.76,5799.0,Normal
580,76.2,5.34,1.03,4.96,111.0,1421.0,4.71,5783.0,Normal
581,74.8,5.03,1.11,4.95,112.9,1428.0,4.72,5791.0,Normal
582,77.4,4.73,1.14,4.95,110.5,1445.0,4.87,5851.0,Normal
583,74.6,5.16,1.11,4.91,109.5,1434.0,4.79,5817.0,Normal
584,79.2,5.82,1.05,5.22,110.2,1464.0,4.73,5855.0,Normal
585,77.8,4.99,1.2,5.12,110.5,1435.0,4.43,5833.0,Normal
586,74.8,5.02,1.13,5.02,113.0,1433.0,4.54,5900.0,Normal
587,77.1,4.74,1.19,5.18,119.0,1433.0,4.67,5840.0,Normal
588,76.2,4.59,1.11,4.84,109.8,1424.0,4.7,5852.0,Normal
589,78.4,5.27,1.08,4.86,110.7,1431.0,4.52,5926.0,Normal
590,80.5,4.6,1.14,4.76,111.7,1445.0,5.05,5877.0,Normal
591,74.1,4.98,1.11,4.93,113.1,1433.0,4.92,5948.0,Normal
592,78.1,4.77,1.06,5.04,112.6,1422.0,4.78,5937.0,Normal
593,77.5,5.15,1.19,5.03,115.7,1421.0,4.7,5915.0,Normal
594,79.2,5.1,1.09,5.04,104.5,1426.0,4.66,5876.0,Normal
595,78.3,5.39,1.03,4.85,104.6,1433.0,4.55,5939.0,Normal
596,76.4,4.78,1.19,5.11,110.3,1446.0,4.71,5953.0,Normal
597,77.3,4.88,1.1,5.04,115.0,1415.0,4.74,5995.0,Normal
598,76.4,4.6,1.09,5.1,107.0,1428.0,4.51,6018.0,Normal
599,80.1,4.82,1.03,4.79,102.7,1433.0,4.75,5959.0,Normal
600,78.1,5.16,1.21,5.05,113.4,1409.0,4.68,6014.0,Normal
601,81.8,5.31,1.06,4.87,112.4,1421.0,4.42,6023.0,Normal
602,77.9,4.65,1.12,4.97,108.4,1423.0,4.57,6042.0,Normal
603,76.7,5.37,1.16,5.08,108.7,1422.0,4.64,6035.0,Normal
604,75.1,5.57,1.14,5.02,108.7,1433.0,4.99,5972.0,Normal
605,74.5,5.2,1.12,4.91,111.9,1429.0,4.79,6035.0,Normal
606,75.0,5.79,1.03,5.01,109.7,1424.0,4.51,6015.0,Normal
607,78.7,4.74,1.08,4.83,113.1,1436.0,4.78,6054.0,Normal
608,79.2,4.55,1.13,5.15,103.0,1452.0,4.48,6099.0,Normal
609,75.1,4.35,1.08,4.98,109.0,1451.0,4.87,6089.0,Normal
610,80.0,5.66,1.13,5.14,108.1,1408.0,4.64,6124.0,Normal
611,77.3,5.33,1.15,4.94,110.7,1438.0,4.7,6110.0,Normal
612,78.6,5.05,1.17,4.94,109.9,1429.0,4.91,6071.0,Normal
613,81.6,5.2,1.06,4.91,113.8,1433.0,4.52,6044.0,Normal
614,80.2,4.64,1.23,5.11,105.9,1426.0,4.51,6134.0,Normal
615,77.8,6.07,1.15,4.92,111.6,1432.0,4.63,6134.0,Normal
616,76.6,5.15,1.12,5.08,113.1,1432.0,4.88,6121.0,Normal
617,74.1,5.15,1.17,4.96,116.9,1423.0,4.49,6109.0,Normal
618,77.0,5.4,1.23,4.77,109.9,1420.0,4.3,6148.0,Normal
619,78.1,5.31,1.04,4.93,112.3,1425.0,4.66,6174.0,Normal
620,76.5,5.22,1.1,4.86,105.9,1433.0,4.81,6210.0,Normal
621,78.3,4.82,1.0,5.01,104.1,1437.0,4.91,6206.0,Normal
622,78.7,5.33,1.12,4.86,113.8,1440.0,4.66,6258.0,Normal
623,78.1,5.9,1.13,5.11,111.2,1424.0,4.67,6189.0,Normal
624,77.3,5.69,1.11,4.99,114.8,1433.0,4.9,6256.0,Normal
625,79.0,5.79,1.08,4.98,107.1,1442.0,4.45,6241.0,Normal
626,79.5,4.96,1.01,5.08,112.8,1444.0,4.67,6271.0,Normal
627,76.5,4.77,1.13,5.11,116.8,1429.0,4.76,6247.0,Normal
628,81.5,5.13,1.19,5.0,112.4,1427.0,4.8,6302.0,Normal
629,78.5,5.2,1.08,4.9,112.0,1432.0,4.66,6289.0,Normal
630,78.8,5.63,1.13,4.78,111.1,1416.0,4.74,6270.0,Normal
631,80.2,4.52,1.03,4.91,106.4,1427.0,4.37,6300.0,Normal
632,79.3,5.81,1.13,4.92,115.1,1438.0,4.64,6303.0,Normal
633,80.7,5.14,1.09,5.01,109.2,1437.0,4.81,6335.0,Normal
634,79.4,5.04,1.07,4.95,112.6,1426.0,4.6,6295.0,Normal
635,77.7,4.82,1.07,5.08,106.3,1432.0,4.75,6339.0,Normal
636,79.6,4.56,1.09,4.92,107.5,1419.0,4.81,6362.0,Normal
637,76.6,5.56,1.13,4.99,115.3,1438.0,4.7,6361.0,Normal
638,79.2,5.27,1.04,5.13,109.9,1428.0,4.77,6410.0,Normal
639,78.9,4.73,1.09,5.03,115.3,1426.0,4.6,6403.0,Normal
640,78.6,4.73,1.11,4.98,110.7,1425.0,4.72,6390.0,Normal
641,78.8,5.12,1.05,4.92,105.4,1428.0,4.84,6407.0,Normal
642,75.3,5.93,1.2,4.91,113.6,1424.0,4.78,6419.0,Normal
643,78.0,5.17,1.07,4.89,109.1,1437.0,4.67,6432.0,Normal
644,79.3,4.68,1.08,4.92,112.9,1424.0,4.79,6375.0,Normal
645,79.5,5.19,1.06,5.08,110.9,1448.0,4.86,6431.0,Normal
646,77.1,5.18,1.2,4.96,106.2,1446.0,4.45,6405.0,Normal
647,81.7,4.22,1.14,4.82,111.3,1418.0,4.93,6498.0,Normal
648,77.5,5.28,1.06,5.2,117.4,1429.0,4.71,6468.0,Normal
649,81.2,5.22,1.16,5.02,112.2,1421.0,4.83,6474.0,Normal
650,80.1,5.59,1.12,4.82,110.6,1425.0,4.94,6517.0,Normal
651,78.0,6.06,1.12,4.93,113.9,1452.0,4.56,6513.0,Normal
652,82.9,5.78,1.09,5.0,111.3,1425.0,4.66,6476.0,Normal
653,77.0,5.23,1.07,5.19,111.3,1433.0,4.72,6518.0,Normal
654,81.2,4.9,1.12,4.85,107.4,1435.0,4.65,6520.0,Normal
655,81.4,6.38,1.08,5.1,111.3,1416.0,5.03,6488.0,Normal
656,78.1,5.38,1.2,5.15,113.7,1418.0,4.64,6529.0,Normal
657,82.2,5.37,1.04,4.91,108.1,1414.0,4.69,6554.0,Normal
658,79.0,5.36,1.18,4.95,114.8,1417.0,4.8,6567.0,Normal
659,80.1,5.45,1.1,4.86,110.3,1394.0,4.59,6536.0,Normal
660,80.0,5.32,1.12,4.95,107.9,1434.0,4.72,6625.0,Normal
661,79.3,5.16,1.15,4.97,113.5,1452.0,4.82,6597.0,Normal
662,81.2,5.17,1.07,5.06,109.6,1430.0,4.73,6611.0,Normal
663,81.2,5.39,1.15,5.11,112.7,1411.0,4.77,6632.0,Normal
664,76.1,5.19,0.97,4.89,109.6,1420.0,4.7,6606.0,Normal
665,82.3,5.13,1.07,4.74,110.2,1422.0,4.56,6654.0,Normal
666,76.4,5.46,1.06,4.97,111.9,1415.0,4.83,6639.0,Normal
667,81.8,5.32,1.04,5.01,111.2,1438.0,5.05,6633.0,Normal
668,82.0,6.03,1.09,5.0,104.4,1437.0,4.79,6687.0,Normal
669,77.6,4.38,1.12,4.93,107.0,1413.0,4.82,6725.0,Normal
670,79.0,5.88,1.14,4.99,113.1,1436.0,4.89,6712.0,Normal
671,77.6,5.95,1.11,5.15,109.9,1446.0,4.6,6728.0,Normal
672,79.4,4.63,1.07,5.02,108.7,1450.0,5.05,6694.0,Normal
673,79.2,5.33,1.12,4.93,106.2,1461.0,4.82,6672.0,Normal
674,81.4,5.32,1.11,4.91,107.0,1416.0,5.04,6775.0,Normal
675,82.5,4.92,1.15,4.95,104.1,1461.0,4.69,6802.0,Normal
676,82.7,5.17,1.14,5.17,109.9,1423.0,5.07,6796.0,Normal
677,78.8,5.05,1.1,4.95,108.4,1420.0,4.91,6750.0,Normal
678,79.6,6.2,1.06,4.97,107.2,1431.0,4.88,6735.0,Normal
679,76.7,5.88,1.07,4.91,109.9,1420.0,4.84,6748.0,Normal
680,78.4,6.02,1.07,5.1,111.2,1431.0,4.77,6739.0,Normal
681,82.0,5.81,1.08,5.2,116.4,1411.0,4.98,6797.0,Normal
682,83.3,5.07,1.11,5.02,105.5,1424.0,4.83,6858.0,Normal
683,77.7,5.32,1.13,4.97,113.5,1442.0,4.51,6816.0,Normal
684,79.0,5.73,1.1,4.97,112.9,1426.0,4.64,6839.0,Normal
685,80.1,5.06,1.1,4.68,107.7,1428.0,4.78,6881.0,Normal
686,80.8,5.84,1.11,5.05,110.6,1432.0,4.86,6838.0,Normal
687,78.6,5.46,1.07,4.98,108.6,1440.0,4.8,6921.0,Normal
688,81.1,5.42,1.05,5.01,110.5,1406.0,5.0,6930.0,Normal
689,79.3,5.86,1.01,4.88,114.4,1433.0,4.52,6876.0,Normal
690,80.3,5.76,1.06,4.91,111.7,1423.0,4.84,6873.0,Normal
691,81.4,5.44,1.12,4.91,111.4,1428.0,4.54,6921.0,Normal
692,80.4,6.06,1.06,5.08,108.6,1439.0,4.93,6900.0,Normal
693,79.5,5.17,1.08,4.91,105.4,1412.0,4.81,6885.0,Normal
694,80.2,5.85,1.12,5.21,109.2,1414.0,4.88,6968.0,Normal
695,80.3,5.85,1.12,5.01,113.4,1403.0,4.69,6976.0,Normal
696,79.7,5.5,1.04,4.8,105.2,1419.0,5.02,6955.0,Normal
697,80.0,5.76,1.14,4.94,106.6,1442.0,4.98,6922.0,Normal
698,83.7,5.13,1.15,4.88,110.1,1424.0,4.91,6933.0,Normal
699,81.7,6.01,1.04,4.69,106.8,1409.0,4.81,6983.0,Normal
700,80.0,5.57,1.05,5.15,107.3,1420.0,4.92,6975.0,Normal
701,82.0,5.44,1.15,5.04,108.4,1408.0,4.72,6990.0,Normal
702,80.0,6.08,1.09,5.02,105.5,1412.0,4.96,7041.0,Normal
703,83.0,5.38,0.98,4.97,106.7,1430.0,5.08,7042.0,Normal
704,81.4,5.11,1.02,4.79,111.7,1411.0,5.0,7071.0,Normal
705,80.5,5.06,1.08,4.89,105.7,1438.0,4.73,7010.0,Normal
706,81.6,5.93,1.03,5.05,104.8,1424.0,4.89,7040.0,Normal
707,77.6,5.18,1.07,4.82,107.6,1426.0,4.64,7083.0,Normal
708,78.6,6.4,1.09,4.65,111.7,1422.0,4.93,7083.0,Normal
709,78.4,4.88,1.16,4.92,108.9,1434.0,4.91,7126.0,Normal
710,81.1,6.39,1.08,4.93,108.1,1434.0,4.56,7103.0,Normal
711,84.4,5.81,1.14,4.96,109.6,1429.0,4.67,7155.0,Normal
712,85.4,5.69,1.16,5.03,104.2,1431.0,4.8,7126.0,Normal
713,82.2,5.52,1.16,5.02,110.9,1422.0,4.8,7152.0,Normal
714,82.0,5.9,1.1,4.98,110.5,1431.0,4.67,7120.0,Normal
715,77.4,5.73,0.99,5.09,108.1,1420.0,4.91,7140.0,Normal
716,79.9,6.2,1.11,4.76,112.4,1424.0,4.89,7177.0,Normal
717,79.5,5.81,1.14,5.0,105.9,1421.0,4.82,7208.0,Normal
718,79.8,5.83,1.09,5.02,112.7,1419.0,4.74,7192.0,Normal
719,80.8,5.63,1.18,4.79,109.7,1416.0,5.01,7178.0,Normal
720,80.2,5.76,1.13,4.76,108.2,1430.0,5.11,7231.0,Normal
721,77.2,5.91,1.12,4.85,109.2,1440.0,4.79,7134.0,Normal
722,82.7,5.11,1.14,4.86,108.9,1438.0,4.77,7167.0,Normal
723,79.1,5.27,1.1,5.03,112.8,1409.0,4.93,7240.0,Normal
724,81.7,6.11,0.96,4.87,105.9,1439.0,4.81,7230.0,Normal
725,85.4,5.89,1.06,4.84,106.9,1420.0,4.84,7258.0,Normal
726,79.5,5.75,1.15,4.86,112.2,1431.0,4.98,7252.0,Normal
727,76.3,5.84,1.05,5.07,107.3,1413.0,4.58,7277.0,Normal
728,80.8,5.98,1.08,4.94,111.8,1425.0,5.07,7246.0,Normal
729,83.6,5.63,1.03,4.91,114.2,1427.0,4.88,7297.0,Normal
730,85.3,5.54,1.18,4.92,107.8,1406.0,4.81,7320.0,Normal
731,79.0,5.94,1.17,5.09,111.1,1431.0,4.86,7337.0,Normal
732,82.5,5.48,1.04,4.84,105.5,1440.0,4.87,7370.0,Normal
733,80.6,6.04,1.09,5.09,111.2,1421.0,4.62,7327.0,Normal
734,81.3,5.2,1.05,4.96,109.5,1440.0,5.1,7338.0,Normal
735,86.8,6.3,1.12,4.91,110.3,1421.0,4.88,7294.0,Normal
736,78.6,6.09,1.11,5.23,107.0,1433.0,4.95,7334.0,Normal
737,82.1,6.01,1.12,4.8,103.9,1396.0,5.02,7354.0,Normal
738,82.6,6.3,1.1,4.89,110.4,1452.0,4.73,7402.0,Normal
739,83.8,6.58,1.23,4.78,102.6,1441.0,4.95,7362.0,Normal
740,81.9,6.33,1.03,5.04,107.9,1419.0,4.84,7414.0,Normal
741,82.3,5.2,1.0,5.13,111.6,1399.0,5.01,7400.0,Normal
742,81.0,5.43,1.06,5.13,109.3,1426.0,4.57,7405.0,Normal
743,82.3,5.7,1.0,5.07,114.6,1405.0,4.87,7427.0,Normal
744,81.1,5.96,1.01,4.9,111.8,1428.0,4.8,7418.0,Normal
745,83.1,6.17,1.03,4.88,106.7,1427.0,4.96,7427.0,Normal
746,81.1,5.68,1.04,4.72,108.8,1411.0,4.96,7399.0,Normal
747,82.7,6.05,1.03,5.17,108.5,1436.0,4.79,7453.0,Normal
748,81.9,5.68,1.11,4.98,103.9,1432.0,4.79,7456.0,Normal
749,84.2,5.74,1.06,4.86,105.8,1434.0,4.88,7465.0,Normal
750,81.9,5.43,1.07,5.08,106.9,1422.0,4.76,7503.0,Normal
751,78.5,5.63,1.12,4.8,102.5,1405.0,5.03,7520.0,Normal
752,84.6,5.47,1.04,4.97,108.7,1434.0,4.85,7517.0,Normal
753,80.3,5.63,1.07,4.9,107.8,1419.0,4.47,7550.0,Normal
754,80.8,6.45,1.1,5.0,103.5,1405.0,4.85,7547.0,Normal
755,80.9,5.65,0.98,4.91,109.7,1438.0,4.75,7531.0,Normal
756,84.9,7.09,0.96,4.74,110.6,1447.0,4.66,7536.0,Normal
757,77.9,6.24,1.1,4.93,109.1,1421.0,4.72,7569.0,Normal
758,88.5,6.13,1.1,5.04,107.4,1448.0,4.93,7587.0,Normal
759,84.4,5.72,1.18,4.91,110.2,1423.0,5.11,7622.0,Normal
760,82.7,6.35,1.09,5.01,110.4,1417.0,4.96,7626.0,Normal
761,82.2,5.85,1.12,4.79,109.3,1414.0,4.82,7584.0,Normal
762,82.9,6.13,1.07,4.91,105.8,1441.0,4.99,7607.0,Normal
763,83.4,7.11,1.09,4.84,109.1,1412.0,4.85,7640.0,Normal
764,83.7,6.06,1.16,5.0,111.8,1430.0,4.82,7662.0,Normal
765,83.5,6.57,0.97,4.92,106.4,1414.0,4.75,7668.0,Normal
766,82.6,5.83,1.1,4.99,114.5,1416.0,4.66,7648.0,Normal
767,82.1,6.11,1.18,5.04,106.6,1433.0,4.87,7622.0,Normal
768,82.2,6.84,1.09,4.99,108.3,1416.0,4.95,7640.0,Normal
769,82.1,5.88,1.16,4.94,106.1,1416.0,4.91,7688.0,Normal
770,84.8,6.87,1.04,4.79,108.8,1434.0,4.87,7700.0,Normal
771,83.8,6.43,1.07,4.91,102.9,1440.0,4.79,7667.0,Normal
772,76.7,5.93,1.08,4.84,106.4,1428.0,5.02,7711.0,Warning
773,84.0,6.42,0.96,4.86,104.8,1413.0,4.74,7739.0,Warning
774,83.1,6.56,1.01,4.86,108.4,1414.0,5.05,7695.0,Warning
775,82.7,6.43,1.02,4.79,111.0,1421.0,4.79,7773.0,Warning
776,82.0,5.56,1.11,4.67,109.9,1424.0,4.82,7739.0,Warning
777,85.0,5.9,1.12,4.82,100.8,1408.0,4.72,7798.0,Warning
778,84.7,6.1,1.09,4.93,114.1,1429.0,4.87,7754.0,Warning
779,81.3,6.18,1.11,4.74,108.8,1421.0,5.09,7749.0,Warning
780,83.7,6.46,1.06,4.9,105.6,1400.0,5.02,7776.0,Warning
781,81.0,6.29,1.13,5.13,108.3,1409.0,5.09,7797.0,Warning
782,80.2,5.7,1.07,5.02,108.4,1414.0,5.02,7798.0,Warning
783,81.7,6.39,1.07,5.1,105.8,1419.0,4.78,7814.0,Warning
784,84.7,6.49,1.06,4.95,108.4,1443.0,4.9,7840.0,Warning
785,84.9,6.48,1.1,5.04,106.0,1423.0,4.83,7835.0,Warning
786,84.1,6.69,1.05,4.81,106.5,1410.0,5.15,7848.0,Warning
787,84.5,6.6,1.12,4.82,105.7,1422.0,4.77,7809.0,Warning
788,84.1,6.46,1.01,4.57,103.4,1415.0,5.09,7882.0,Warning
789,81.9,6.26,1.01,5.04,108.1,1423.0,5.09,7877.0,Warning
790,84.0,5.63,1.1,5.08,109.4,1426.0,5.23,7938.0,Warning
791,84.8,6.47,1.06,4.83,109.2,1434.0,4.9,7872.0,Warning
792,84.7,6.39,1.05,4.86,110.1,1419.0,5.07,7856.0,Warning
793,85.6,6.42,1.11,4.8,108.6,1439.0,5.3,7939.0,Warning
794,84.7,5.81,1.04,4.94,106.0,1430.0,4.87,7940.0,Warning
795,84.0,5.9,1.06,5.03,110.1,1411.0,4.74,7910.0,Warning
796,85.5,6.76,1.14,4.68,103.4,1446.0,4.69,7904.0,Warning
797,83.3,6.33,1.14,4.94,104.8,1423.0,5.08,8006.0,Warning
798,81.6,6.62,1.14,4.86,104.6,1409.0,4.69,8012.0,Warning
799,83.1,6.37,1.05,4.9,110.7,1439.0,4.92,7905.0,Warning
800,82.0,6.38,1.13,4.94,110.2,1444.0,5.04,7976.0,Warning
801,82.1,6.75,1.02,4.86,108.9,1418.0,5.0,8050.0,Warning
802,83.2,6.18,1.02,4.87,110.6,1413.0,5.04,7996.0,Warning
803,82.0,6.43,0.95,4.86,104.7,1416.0,5.01,8005.0,Warning
804,83.0,6.21,1.15,5.0,108.4,1427.0,5.17,8022.0,Warning
805,79.8,6.23,1.02,4.93,106.9,1434.0,4.84,8006.0,Warning
806,84.1,6.29,1.06,4.91,109.8,1425.0,4.88,7999.0,Warning
807,83.7,6.51,1.02,4.73,106.9,1419.0,4.87,8092.0,Warning
808,82.1,6.24,1.1,4.84,106.1,1436.0,5.11,8015.0,Warning
809,85.1,6.94,1.04,4.99,108.8,1414.0,5.12,8087.0,Warning
810,85.6,6.08,1.0,4.88,109.8,1430.0,5.06,8117.0,Warning
811,80.6,6.38,1.08,4.96,105.2,1415.0,5.17,8056.0,Warning
812,82.3,6.28,0.99,5.09,106.9,1423.0,4.81,8082.0,Warning
813,82.3,7.04,1.02,5.0,103.9,1416.0,5.24,8156.0,Warning
814,82.0,6.55,0.96,4.89,99.6,1417.0,5.22,8146.0,Warning
815,85.6,6.89,0.99,4.82,107.7,1413.0,5.11,8121.0,Warning
816,83.6,5.89,1.07,4.57,108.9,1434.0,5.26,8186.0,Warning
817,83.5,6.6,0.96,4.86,107.8,1409.0,4.75,8196.0,Warning
818,80.0,6.86,0.99,4.84,101.1,1409.0,4.92,8178.0,Warning
819,85.3,6.54,1.06,4.92,105.9,1443.0,4.89,8153.0,Warning
820,81.6,6.95,1.03,4.85,100.3,1429.0,5.11,8178.0,Warning
821,84.2,6.32,1.16,4.83,111.0,1389.0,4.85,8209.0,Warning
822,84.7,7.1,1.15,4.66,103.6,1410.0,5.12,8204.0,Warning
823,86.9,7.46,1.01,4.76,110.6,1395.0,5.21,8248.0,Warning
824,81.6,6.41,1.09,4.93,109.7,1406.0,5.11,8184.0,Warning
825,78.2,6.38,1.1,5.08,104.1,1379.0,5.05,8195.0,Warning
826,84.6,7.15,1.03,4.86,103.4,1415.0,4.87,8255.0,Warning
827,87.9,7.21,0.98,4.91,107.8,1403.0,4.89,8245.0,Warning
828,86.8,6.37,1.06,4.98,104.2,1417.0,5.2,8251.0,Warning
829,84.8,6.42,1.05,4.77,107.0,1397.0,5.13,8227.0,Warning
830,83.4,6.48,1.03,4.91,105.2,1418.0,5.01,8291.0,Warning
831,86.0,6.07,1.08,4.78,101.3,1412.0,4.96,8298.0,Warning
832,82.5,6.25,1.02,4.97,100.0,1434.0,4.72,8330.0,Warning
833,85.4,6.22,1.0,4.88,107.3,1433.0,4.86,8322.0,Warning
834,85.5,6.32,1.06,4.9,104.9,1426.0,5.31,8326.0,Warning
835,86.7,6.62,1.07,4.77,104.9,1412.0,4.84,8375.0,Warning
836,90.1,6.74,1.0,4.95,108.6,1440.0,5.06,8311.0,Warning
837,85.4,7.27,1.1,5.11,110.0,1397.0,5.18,8376.0,Warning
838,83.6,6.26,0.97,4.74,105.7,1399.0,4.84,8320.0,Warning
839,84.6,7.06,1.02,4.82,105.5,1415.0,5.06,8355.0,Warning
840,81.2,6.59,1.04,4.89,107.9,1443.0,5.18,8354.0,Warning
841,83.3,6.66,1.02,4.95,102.4,1413.0,5.04,8423.0,Warning
842,83.9,6.96,1.02,4.79,107.1,1414.0,5.47,8408.0,Warning
843,83.7,6.25,1.15,4.52,108.0,1398.0,4.79,8420.0,Warning
844,85.1,6.86,1.01,5.02,108.4,1427.0,5.2,8397.0,Warning
845,83.2,6.78,1.17,4.95,100.5,1427.0,5.02,8431.0,Warning
846,87.1,6.92,1.07,4.65,104.0,1425.0,5.16,8427.0,Warning
847,84.9,6.85,1.06,4.78,103.6,1408.0,5.11,8472.0,Warning
848,84.9,7.72,1.07,5.04,106.5,1407.0,4.94,8440.0,Warning
849,84.3,6.49,1.18,5.03,107.7,1400.0,5.08,8520.0,Warning
850,85.3,6.54,1.0,4.96,110.7,1416.0,4.77,8440.0,Warning
851,86.7,6.51,0.99,4.83,104.7,1402.0,5.14,8476.0,Warning
852,83.3,6.55,1.01,4.86,104.7,1401.0,5.1,8560.0,Warning
853,83.8,6.52,1.05,4.83,109.6,1410.0,5.15,8507.0,Warning
854,84.5,7.26,0.96,4.98,107.0,1409.0,5.22,8491.0,Warning
855,82.5,7.36,1.05,4.74,109.9,1408.0,5.11,8547.0,Warning
856,83.6,6.57,1.13,4.75,106.9,1420.0,5.08,8536.0,Warning
857,84.3,6.48,1.06,4.97,102.6,1416.0,4.93,8535.0,Warning
858,87.0,7.01,1.03,4.84,102.0,1411.0,4.96,8537.0,Warning
859,85.8,6.61,1.02,5.01,101.3,1417.0,5.24,8663.0,Warning
860,85.7,7.09,1.09,4.76,107.9,1402.0,5.28,8582.0,Warning
861,87.1,6.92,1.0,4.84,109.5,1416.0,5.03,8542.0,Warning
862,85.1,6.24,1.14,4.73,111.4,1416.0,5.08,8655.0,Warning
863,86.2,7.48,1.14,4.84,108.4,1396.0,4.94,8638.0,Warning
864,85.3,7.59,1.06,4.66,109.3,1426.0,5.25,8607.0,Warning
865,86.0,6.63,1.04,4.78,104.1,1403.0,5.17,8612.0,Warning
866,84.4,6.73,1.1,4.67,102.3,1415.0,5.37,8670.0,Warning
867,80.7,7.01,1.1,4.92,108.3,1428.0,4.95,8653.0,Warning
868,85.3,7.03,1.0,4.92,107.0,1425.0,5.02,8612.0,Warning
869,88.5,7.17,1.02,4.63,106.0,1414.0,5.12,8734.0,Warning
870,87.5,7.72,0.98,5.0,106.9,1409.0,5.18,8677.0,Warning
871,87.6,6.85,1.06,5.14,106.6,1425.0,5.05,8745.0,Warning
872,88.2,6.61,1.08,4.84,109.5,1422.0,4.96,8748.0,Warning
873,85.9,6.39,0.97,4.76,109.5,1406.0,5.22,8690.0,Warning
874,86.2,6.66,1.02,5.17,107.2,1404.0,5.2,8761.0,Warning
875,84.6,6.94,0.97,4.67,108.1,1388.0,4.95,8720.0,Warning
876,85.2,7.68,1.0,4.83,107.1,1415.0,5.3,8694.0,Warning
877,87.1,6.77,1.07,4.85,104.1,1412.0,5.27,8747.0,Warning
878,88.3,7.07,1.0,4.99,107.8,1427.0,5.12,8782.0,Warning
879,85.7,6.98,1.03,4.87,101.3,1417.0,5.11,8766.0,Warning
880,85.1,7.47,0.96,4.77,108.6,1429.0,5.18,8781.0,Warning
881,86.0,8.02,1.05,4.71,101.8,1404.0,4.97,8834.0,Warning
882,87.3,6.8,1.04,4.79,106.2,1426.0,5.11,8813.0,Warning
883,83.2,6.83,1.0,4.71,102.8,1406.0,4.78,8795.0,Warning
884,81.5,7.45,1.03,4.83,107.0,1422.0,5.24,8851.0,Warning
885,85.1,7.31,1.05,4.76,105.2,1395.0,4.87,8846.0,Warning
886,83.7,7.79,1.0,4.64,100.5,1415.0,5.33,8774.0,Warning
887,85.2,7.29,0.96,4.97,106.5,1389.0,5.06,8873.0,Warning
888,86.0,6.92,1.13,4.76,103.5,1409.0,5.08,8882.0,Warning
889,85.4,7.31,1.01,4.67,107.8,1417.0,5.02,8881.0,Warning
890,89.2,7.52,1.03,4.8,105.2,1406.0,5.07,8917.0,Warning
891,87.0,7.42,1.09,4.83,106.3,1399.0,5.33,8880.0,Warning
892,87.0,7.3,1.21,4.61,102.3,1422.0,4.75,8920.0,Warning
893,87.7,7.53,0.97,4.86,103.3,1411.0,5.31,8873.0,Warning
894,84.2,7.58,1.06,4.69,103.7,1406.0,5.17,8942.0,Warning
895,88.6,7.67,1.0,5.02,107.6,1412.0,4.94,8999.0,Warning
896,86.4,7.39,1.01,4.88,110.1,1443.0,4.96,8920.0,Warning
897,87.9,7.07,1.0,4.77,102.6,1425.0,5.38,8937.0,Warning
898,84.4,7.2,0.98,4.73,108.2,1425.0,4.99,8949.0,Warning
899,83.5,7.64,1.03,4.8,98.4,1417.0,4.96,8984.0,Warning
900,88.3,6.84,0.96,4.89,101.3,1413.0,5.3,8958.0,Warning
901,87.4,7.32,1.08,4.81,102.0,1383.0,5.18,9013.0,Warning
902,84.9,7.02,1.04,4.79,100.8,1403.0,5.0,9035.0,Warning
903,85.0,7.2,1.05,4.82,100.1,1405.0,5.17,9036.0,Warning
904,89.0,7.71,1.01,4.74,106.1,1389.0,4.99,8977.0,Warning
905,84.4,7.28,1.01,4.77,104.1,1397.0,5.31,9070.0,Warning
906,90.1,7.23,1.05,4.56,105.9,1387.0,5.3,9078.0,Warning
907,85.1,6.68,0.97,4.92,106.8,1410.0,5.22,9085.0,Warning
908,88.2,7.53,1.01,4.84,105.5,1421.0,5.2,9081.0,Warning
909,86.3,7.5,0.99,4.71,106.7,1424.0,5.41,9087.0,Warning
910,88.2,8.11,0.99,5.03,104.4,1416.0,5.15,9121.0,Warning
911,85.9,7.13,0.92,4.82,101.1,1399.0,4.97,9158.0,Warning
912,86.7,7.35,1.1,4.68,107.8,1387.0,5.22,9081.0,Warning
913,87.2,7.37,0.99,4.91,102.8,1389.0,5.47,9152.0,Warning
914,85.1,7.91,1.09,4.85,101.7,1395.0,5.0,9127.0,Warning
915,88.6,7.25,1.08,4.85,104.0,1400.0,5.1,9136.0,Warning
916,86.2,7.41,0.96,4.75,101.8,1408.0,5.22,9104.0,Warning
917,86.8,7.55,0.97,4.85,103.2,1398.0,5.15,9151.0,Warning
918,85.3,7.39,1.16,4.77,105.5,1414.0,5.02,9140.0,Warning
919,82.2,7.14,1.11,4.87,105.5,1407.0,5.33,9166.0,Warning
920,86.9,7.41,1.03,4.57,101.7,1410.0,5.51,9157.0,Warning
921,92.2,7.77,1.04,4.75,102.9,1423.0,5.2,9187.0,Warning
922,89.0,6.94,0.99,5.0,107.6,1395.0,5.03,9198.0,Warning
923,87.4,7.41,1.05,4.7,105.8,1415.0,4.94,9223.0,Warning
924,86.9,7.08,0.99,4.72,110.5,1409.0,5.21,9182.0,Warning
925,87.5,7.85,0.92,4.74,107.8,1405.0,5.34,9197.0,Warning
926,88.6,6.77,0.96,4.65,107.7,1420.0,5.25,9261.0,Warning
927,85.2,7.17,1.03,4.53,100.0,1420.0,5.18,9236.0,Warning
928,89.8,7.55,0.97,4.76,106.5,1398.0,5.09,9302.0,Warning
929,89.1,8.03,1.02,4.81,104.0,1407.0,5.02,9287.0,Warning
930,89.1,7.39,0.97,4.78,102.5,1412.0,5.31,9308.0,Warning
931,88.6,7.2,0.98,4.77,104.6,1406.0,5.32,9342.0,Warning
932,87.8,8.19,1.07,4.79,106.9,1416.0,4.95,9301.0,Warning
933,89.1,6.86,1.03,4.91,105.5,1412.0,5.43,9303.0,Warning
934,89.0,6.57,1.02,4.76,101.4,1431.0,5.28,9356.0,Warning
935,87.1,7.63,1.07,4.72,106.2,1390.0,5.4,9355.0,Warning
936,86.7,7.27,1.05,4.75,102.0,1407.0,4.99,9344.0,Warning
937,88.1,7.07,1.09,4.85,104.6,1398.0,4.99,9402.0,Warning
938,91.0,7.77,1.0,4.95,103.0,1416.0,5.17,9364.0,Warning
939,85.5,7.59,1.0,4.71,103.2,1389.0,5.27,9381.0,Warning
940,85.1,7.28,0.95,4.79,106.2,1412.0,5.47,9391.0,Warning
941,88.4,7.0,1.0,4.82,100.7,1401.0,5.31,9372.0,Warning
942,88.2,7.87,1.07,4.66,109.6,1399.0,5.17,9412.0,Warning
943,88.5,7.79,1.08,4.78,98.3,1391.0,5.05,9462.0,Warning
944,88.6,7.5,1.07,4.6,102.0,1402.0,5.39,9443.0,Warning
945,87.7,8.28,0.93,4.57,104.8,1421.0,5.06,9441.0,Warning
946,91.2,7.13,1.07,4.82,105.4,1407.0,5.45,9445.0,Warning
947,85.0,6.95,0.93,4.73,103.4,1415.0,5.17,9470.0,Warning
948,86.6,7.29,1.06,4.8,103.5,1428.0,5.45,9492.0,Warning
949,88.1,7.56,1.0,4.77,104.8,1411.0,5.32,9498.0,Warning
950,85.1,7.69,1.05,4.66,102.9,1401.0,5.2,9480.0,Warning
951,88.0,7.5,0.95,4.77,107.7,1413.0,5.14,9510.0,Warning
952,91.7,7.75,1.07,4.62,106.0,1401.0,5.17,9524.0,Warning
953,88.5,7.11,0.94,4.94,106.1,1401.0,5.29,9490.0,Warning
954,89.0,8.2,0.98,4.61,100.6,1389.0,5.24,9535.0,Warning
955,86.0,7.6,0.96,4.75,103.2,1418.0,5.14,9475.0,Warning
956,87.3,8.09,0.93,4.64,102.5,1402.0,5.2,9564.0,Warning
957,87.8,7.79,1.02,4.84,100.4,1409.0,5.24,9580.0,Warning
958,88.0,7.84,1.1,4.73,104.4,1394.0,4.91,9592.0,Warning
959,91.2,7.89,1.15,4.7,101.7,1412.0,5.3,9568.0,Warning
960,89.8,7.85,1.02,4.87,105.3,1397.0,5.09,9599.0,Warning
961,86.5,7.94,1.07,4.77,100.1,1405.0,5.06,9643.0,Warning
962,89.3,8.22,1.02,4.83,108.4,1417.0,4.99,9652.0,Warning
963,89.8,7.78,1.04,4.65,100.5,1416.0,4.97,9619.0,Warning
964,91.1,7.99,0.99,4.59,103.9,1406.0,5.04,9634.0,Warning
965,92.0,7.68,1.02,4.77,105.5,1385.0,5.14,9673.0,Warning
966,86.9,8.3,1.04,4.72,101.4,1442.0,5.54,9605.0,Warning
967,87.3,7.47,0.98,4.84,105.7,1427.0,5.17,9650.0,Warning
968,86.5,8.47,1.01,4.75,99.4,1415.0,5.28,9710.0,Warning
969,88.6,7.74,1.01,4.78,107.4,1397.0,5.31,9709.0,Warning
970,90.0,7.19,1.05,4.56,103.1,1404.0,5.27,9701.0,Warning
971,91.1,7.82,0.96,4.98,101.2,1399.0,5.24,9655.0,Warning
972,89.0,7.51,1.01,4.74,102.1,1421.0,5.08,9709.0,Warning
973,88.5,8.13,1.1,4.84,105.4,1409.0,5.48,9702.0,Warning
974,89.5,7.54,1.07,4.65,101.2,1396.0,5.53,9740.0,Warning
975,87.6,7.63,1.08,4.79,100.6,1400.0,5.01,9716.0,Warning
976,93.4,7.06,1.01,4.6,102.2,1419.0,5.11,9719.0,Warning
977,86.1,7.65,1.02,4.81,99.3,1424.0,5.22,9698.0,Warning
978,89.7,6.87,1.06,4.71,108.3,1423.0,5.12,9807.0,Warning
979,93.4,7.21,1.08,4.75,101.1,1414.0,5.34,9768.0,Warning
980,89.4,8.16,0.91,4.83,105.2,1402.0,5.16,9795.0,Warning
981,89.1,8.18,0.94,4.6,103.3,1366.0,5.6,9800.0,Warning
982,88.8,8.04,1.07,4.67,99.7,1408.0,5.45,9778.0,Warning
983,89.2,7.49,0.99,4.8,102.6,1405.0,5.31,9782.0,Warning
984,92.3,7.87,0.97,5.0,105.0,1406.0,5.43,9800.0,Warning
985,85.2,7.9,0.94,4.73,102.0,1405.0,5.45,9818.0,Warning
986,92.7,7.44,0.98,4.82,106.2,1389.0,5.2,9861.0,Warning
987,86.8,8.52,0.93,4.73,105.6,1411.0,5.16,9836.0,Warning
988,89.2,8.28,1.11,4.98,105.3,1412.0,5.3,9922.0,Warning
989,88.9,7.84,1.0,4.53,101.1,1412.0,5.42,9911.0,Warning
990,90.9,7.95,1.0,4.75,99.2,1415.0,5.31,9914.0,Warning
991,86.6,8.03,1.03,4.55,100.6,1411.0,5.05,9896.0,Warning
992,90.8,7.14,1.05,4.44,103.0,1399.0,5.17,9955.0,Warning
993,93.9,7.87,1.05,4.77,104.0,1403.0,5.28,9913.0,Warning
994,87.2,7.71,1.05,4.75,95.8,1405.0,5.28,9929.0,Warning
995,90.3,7.59,0.97,4.7,102.3,1405.0,5.59,9945.0,Warning
996,88.7,7.88,0.99,4.72,102.8,1416.0,5.09,9971.0,Warning
997,90.9,8.72,1.04,5.11,101.4,1411.0,5.38,9979.0,Warning
998,90.1,8.27,0.97,4.7,106.1,1428.0,5.53,9956.0,Warning
999,88.8,7.8,1.0,4.79,103.5,1430.0,5.65,9964.0,Warning
1000,91.1,8.26,1.02,4.65,106.1,1404.0,5.25,10009.0,Warning
1001,93.8,8.6,1.04,4.77,101.5,1357.0,5.38,10021.0,Warning
1002,89.8,8.42,0.91,4.7,104.9,1418.0,5.4,9998.0,Warning
1003,91.7,8.08,1.03,4.68,107.0,1397.0,5.34,9972.0,Warning
1004,87.7,7.81,0.99,4.95,106.0,1393.0,5.3,10024.0,Warning
1005,88.4,8.36,1.03,4.87,98.8,1398.0,5.38,10059.0,Warning
1006,91.3,8.24,1.04,4.74,101.3,1397.0,4.94,10104.0,Warning
1007,93.4,8.45,1.08,4.45,100.9,1410.0,5.42,10024.0,Warning
1008,91.1,8.36,1.06,4.68,103.4,1384.0,5.34,10057.0,Warning
1009,89.8,8.53,1.06,5.05,104.0,1390.0,5.29,10068.0,Warning
1010,90.5,7.91,1.07,4.7,99.4,1407.0,5.63,10131.0,Warning
1011,88.0,8.66,1.01,4.86,102.1,1410.0,5.23,10099.0,Warning
1012,91.8,8.22,1.0,4.9,95.8,1410.0,5.27,10083.0,Warning
1013,92.4,8.98,1.04,4.75,106.1,1393.0,5.63,10137.0,Warning
1014,89.7,7.88,1.03,4.62,100.2,1390.0,5.21,10118.0,Warning
1015,89.7,8.86,0.98,4.43,101.9,1396.0,5.25,10103.0,Warning
1016,91.2,8.26,1.01,4.8,100.8,1405.0,5.31,10123.0,Warning
1017,89.9,7.93,0.99,4.62,105.1,1420.0,5.46,10212.0,Warning
1018,90.7,8.0,0.95,4.74,93.2,1377.0,5.37,10182.0,Warning
1019,95.0,8.08,1.06,4.57,101.6,1399.0,5.15,10183.0,Warning
1020,90.4,8.39,0.99,4.68,101.3,1386.0,5.26,10183.0,Warning
1021,90.2,8.43,1.09,4.72,100.2,1382.0,5.25,10209.0,Warning
1022,89.6,8.0,0.91,4.75,106.7,1413.0,5.34,10218.0,Warning
1023,92.5,8.23,0.96,4.58,98.9,1408.0,5.41,10229.0,Warning
1024,90.6,9.11,0.99,4.86,103.8,1407.0,5.41,10233.0,Failure Risk
1025,89.7,8.95,1.05,4.64,102.5,1412.0,5.09,10266.0,Failure Risk
1026,93.7,8.45,1.01,4.51,105.2,1395.0,5.51,10251.0,Failure Risk
1027,94.0,8.3,1.0,4.7,99.4,1396.0,5.39,10231.0,Failure Risk
1028,90.0,8.34,0.93,4.71,99.2,1427.0,5.57,10252.0,Failure Risk
1029,87.5,8.54,0.93,4.73,104.6,1398.0,5.43,10221.0,Failure Risk
1030,93.2,7.9,1.0,4.87,102.6,1410.0,5.53,10351.0,Failure Risk
1031,89.9,8.21,0.92,4.68,96.7,1401.0,5.43,10326.0,Failure Risk
1032,92.9,7.66,0.96,4.69,99.6,1378.0,5.57,10285.0,Failure Risk
1033,87.4,8.5,1.01,4.57,102.4,1376.0,5.45,10312.0,Failure Risk
1034,93.2,8.6,0.94,4.8,103.7,1393.0,5.35,10311.0,Failure Risk
1035,89.0,8.16,1.07,4.72,99.1,1413.0,5.71,10386.0,Failure Risk
1036,92.9,8.99,1.05,4.65,92.4,1410.0,5.51,10307.0,Failure Risk
1037,91.5,7.88,0.91,4.47,102.7,1411.0,5.46,10363.0,Failure Risk
1038,89.6,7.8,0.94,4.87,97.4,1388.0,5.19,10367.0,Failure Risk
1039,90.8,8.48,0.87,4.55,95.0,1419.0,5.19,10405.0,Failure Risk
1040,93.0,8.82,0.94,4.63,92.5,1388.0,5.42,10387.0,Failure Risk
1041,91.9,9.08,1.02,4.74,103.4,1402.0,5.4,10347.0,Failure Risk
1042,92.8,8.24,0.96,4.55,101.4,1400.0,5.29,10402.0,Failure Risk
1043,95.7,8.86,1.01,4.52,100.3,1397.0,5.41,10391.0,Failure Risk
1044,88.6,8.42,0.91,4.44,105.1,1416.0,5.63,10432.0,Failure Risk
1045,95.0,8.38,1.02,4.78,102.8,1391.0,5.49,10483.0,Failure Risk
1046,92.0,8.81,0.95,4.63,105.7,1383.0,5.22,10398.0,Failure Risk
1047,90.1,8.73,0.98,5.04,96.6,1399.0,5.38,10436.0,Failure Risk
1048,89.2,7.85,0.98,4.57,100.7,1394.0,5.27,10453.0,Failure Risk
1049,91.6,9.08,0.92,4.58,95.9,1440.0,5.34,10469.0,Failure Risk
1050,93.8,9.05,0.92,4.62,100.0,1407.0,5.34,10512.0,Failure Risk
1051,91.8,8.25,1.03,4.72,100.0,1394.0,5.33,10495.0,Failure Risk
1052,95.1,8.67,1.0,4.63,102.6,1386.0,5.21,10522.0,Failure Risk
1053,89.2,8.72,1.03,4.76,100.8,1376.0,5.39,10501.0,Failure Risk
1054,92.1,8.64,0.99,4.57,102.5,1386.0,5.32,10537.0,Failure Risk
1055,89.7,8.32,0.99,4.52,102.7,1400.0,4.97,10563.0,Failure Risk
1056,92.9,8.28,0.89,4.47,107.0,1416.0,5.72,10528.0,Failure Risk
1057,94.0,8.55,0.96,4.42,99.6,1412.0,5.58,10583.0,Failure Risk
1058,91.4,9.04,0.98,4.62,97.7,1401.0,5.36,10572.0,Failure Risk
1059,87.1,8.8,1.07,4.65,101.2,1394.0,5.42,10611.0,Failure Risk
1060,92.8,8.44,1.01,4.61,98.0,1401.0,5.24,10584.0,Failure Risk
1061,93.3,8.91,1.05,4.83,104.8,1392.0,5.67,10611.0,Failure Risk
1062,93.2,7.47,1.01,4.83,99.5,1419.0,5.71,10609.0,Failure Risk
1063,94.9,9.08,0.94,4.64,98.6,1396.0,5.45,10617.0,Failure Risk
1064,90.4,7.93,0.98,4.46,98.9,1397.0,5.58,10638.0,Failure Risk
1065,93.9,8.49,0.99,4.61,102.4,1371.0,5.45,10656.0,Failure Risk
1066,95.0,8.2,0.93,4.6,99.8,1395.0,5.23,10613.0,Failure Risk
1067,89.1,8.14,0.95,4.6,98.3,1408.0,5.37,10703.0,Failure Risk
1068,93.3,9.13,0.96,4.59,105.2,1385.0,5.45,10614.0,Failure Risk
1069,91.7,8.49,1.05,4.59,97.6,1388.0,5.37,10659.0,Failure Risk
1070,92.6,8.82,0.87,4.63,100.2,1407.0,5.4,10687.0,Failure Risk
1071,93.5,8.68,1.03,4.59,102.1,1379.0,5.43,10712.0,Failure Risk
1072,91.8,8.89,0.92,4.7,95.2,1410.0,5.43,10757.0,Failure Risk
1073,91.5,8.74,0.9,4.71,101.5,1391.0,5.45,10664.0,Failure Risk
1074,93.0,8.21,1.03,4.56,96.8,1392.0,5.29,10715.0,Failure Risk
1075,90.8,9.13,1.01,4.82,102.5,1383.0,5.34,10676.0,Failure Risk
1076,90.8,8.55,1.03,4.55,97.1,1401.0,5.26,10751.0,Failure Risk
1077,94.4,8.13,1.01,4.47,102.0,1426.0,5.6,10768.0,Failure Risk
1078,90.7,8.59,1.07,4.71,103.2,1406.0,5.14,10818.0,Failure Risk
1079,94.4,9.37,1.0,4.57,102.4,1386.0,5.63,10784.0,Failure Risk
1080,94.0,9.12,0.96,4.7,100.6,1410.0,5.66,10821.0,Failure Risk
1081,89.7,8.65,0.99,4.37,99.1,1392.0,5.41,10818.0,Failure Risk
1082,91.8,8.66,1.03,4.83,98.0,1413.0,5.07,10797.0,Failure Risk
1083,95.6,8.68,0.93,4.74,104.2,1406.0,5.41,10778.0,Failure Risk
1084,91.3,9.65,0.93,4.48,97.6,1361.0,5.45,10838.0,Failure Risk
1085,92.4,8.98,0.95,4.48,96.6,1384.0,5.31,10795.0,Failure Risk
1086,94.3,9.01,0.86,4.86,101.6,1407.0,5.39,10889.0,Failure Risk
1087,95.0,9.26,0.97,4.57,97.2,1398.0,5.7,10855.0,Failure Risk
1088,92.9,8.95,0.87,4.56,96.7,1383.0,5.57,10906.0,Failure Risk
1089,92.3,8.76,0.97,4.38,95.2,1388.0,5.33,10866.0,Failure Risk
1090,96.4,8.8,1.01,4.61,98.1,1373.0,5.24,10898.0,Failure Risk
1091,97.0,8.86,0.94,4.63,99.2,1394.0,5.43,10906.0,Failure Risk
1092,95.5,8.88,1.05,4.74,100.2,1422.0,5.45,10909.0,Failure Risk
1093,93.8,9.2,0.89,4.48,102.3,1405.0,5.56,10907.0,Failure Risk
1094,92.1,8.94,1.02,4.47,101.0,1421.0,5.4,10942.0,Failure Risk
1095,92.0,9.22,1.0,4.7,98.8,1406.0,5.56,10912.0,Failure Risk
1096,94.8,8.9,0.88,4.77,98.7,1407.0,5.78,10914.0,Failure Risk
1097,94.6,8.98,1.1,4.46,100.8,1418.0,5.61,10997.0,Failure Risk
1098,96.6,8.16,0.96,4.78,103.1,1399.0,5.48,10992.0,Failure Risk
1099,95.2,9.33,0.92,4.65,99.6,1392.0,5.47,10982.0,Failure Risk
1100,90.9,9.11,0.89,4.78,97.8,1407.0,5.44,11040.0,Failure Risk
1101,96.0,9.38,0.95,4.64,96.2,1412.0,5.67,10992.0,Failure Risk
1102,92.0,7.84,0.95,4.34,94.8,1389.0,5.4,11050.0,Failure Risk
1103,93.3,9.84,0.96,4.62,101.1,1386.0,5.51,11025.0,Failure Risk
1104,94.6,8.96,0.94,4.77,100.8,1396.0,5.51,10999.0,Failure Risk
1105,98.1,9.47,0.99,4.53,100.8,1404.0,5.43,11095.0,Failure Risk
1106,100.4,8.62,0.94,4.59,98.6,1404.0,5.3,11080.0,Failure Risk
1107,95.4,9.29,0.86,4.62,103.2,1377.0,5.56,11056.0,Failure Risk
1108,93.8,8.63,0.95,4.29,97.5,1417.0,5.5,11092.0,Failure Risk
1109,95.3,8.81,0.84,4.84,101.8,1386.0,5.59,11068.0,Failure Risk
1110,96.1,9.84,0.97,4.53,98.8,1390.0,5.43,11115.0,Failure Risk
1111,93.7,9.01,0.91,4.7,97.1,1383.0,5.7,11028.0,Failure Risk
1112,98.0,9.18,0.96,4.62,100.6,1426.0,5.39,11079.0,Failure Risk
1113,94.9,9.45,1.02,4.78,100.0,1396.0,5.78,11149.0,Failure Risk
1114,95.4,9.31,0.91,4.68,99.9,1383.0,5.26,11123.0,Failure Risk
1115,95.8,9.18,1.01,4.6,99.0,1404.0,5.59,11146.0,Failure Risk
1116,95.4,9.28,0.93,4.52,98.6,1402.0,5.6,11110.0,Failure Risk
1117,96.2,10.1,1.04,4.73,105.9,1391.0,5.41,11215.0,Failure Risk
1118,93.4,9.13,0.94,4.4,102.2,1403.0,5.59,11206.0,Failure Risk
1119,93.5,9.24,0.91,4.71,100.8,1383.0,5.72,11174.0,Failure Risk
1120,92.5,9.59,0.99,4.49,98.9,1387.0,5.2,11178.0,Failure Risk
1121,95.6,9.62,0.93,4.78,101.6,1368.0,5.61,11231.0,Failure Risk
1122,96.3,9.67,0.91,4.64,100.1,1377.0,5.16,11269.0,Failure Risk
1123,95.7,9.46,0.93,4.7,98.6,1414.0,5.4,11249.0,Failure Risk
1124,98.2,8.76,0.95,4.63,97.6,1412.0,5.79,11295.0,Failure Risk
1125,94.9,9.88,1.02,4.41,98.2,1393.0,5.46,11212.0,Failure Risk
1126,96.3,8.77,0.85,4.52,88.9,1412.0,5.37,11225.0,Failure Risk
1127,92.8,9.36,0.95,4.7,99.0,1390.0,5.52,11224.0,Failure Risk
1128,94.2,8.95,0.98,4.64,96.9,1389.0,5.86,11283.0,Failure Risk
1129,96.4,9.24,0.96,4.76,103.1,1393.0,5.28,11285.0,Failure Risk
1130,96.8,9.4,1.01,4.67,98.3,1390.0,5.4,11285.0,Failure Risk
1131,94.5,9.41,0.94,4.5,94.7,1389.0,5.78,11324.0,Failure Risk
1132,95.0,9.46,0.94,4.52,98.1,1405.0,5.84,11347.0,Failure Risk
1133,92.2,9.95,0.98,4.63,95.1,1393.0,5.54,11274.0,Failure Risk
1134,94.5,9.49,0.95,4.34,99.6,1400.0,5.38,11312.0,Failure Risk
1135,97.1,9.22,0.93,4.81,99.0,1404.0,5.88,11365.0,Failure Risk
1136,96.5,9.72,0.97,4.67,101.0,1396.0,5.81,11336.0,Failure Risk
1137,96.4,9.82,0.91,4.76,95.7,1379.0,5.67,11336.0,Failure Risk
1138,95.5,8.86,0.92,4.42,98.1,1375.0,5.45,11401.0,Failure Risk
1139,95.5,9.6,0.92,4.76,93.9,1393.0,5.57,11341.0,Failure Risk
1140,94.2,9.65,1.01,4.88,100.1,1389.0,5.55,11381.0,Failure Risk
1141,96.9,9.26,0.78,4.45,99.5,1392.0,5.63,11410.0,Failure Risk
1142,96.4,9.94,0.96,4.7,99.4,1390.0,5.8,11393.0,Failure Risk
1143,96.6,9.34,0.95,4.61,97.9,1422.0,5.71,11443.0,Failure Risk
1144,94.6,9.46,0.86,4.42,99.1,1374.0,5.42,11413.0,Failure Risk
1145,91.4,9.35,0.96,4.66,102.6,1366.0,5.79,11482.0,Failure Risk
1146,97.9,9.44,0.97,4.7,96.9,1394.0,5.63,11446.0,Failure Risk
1147,94.8,9.0,0.97,4.53,98.2,1386.0,5.69,11480.0,Failure Risk
1148,94.1,8.88,0.81,4.74,94.5,1394.0,5.81,11492.0,Failure Risk
1149,97.2,10.1,1.01,4.4,95.1,1397.0,5.43,11461.0,Failure Risk
1150,95.1,9.13,0.9,4.42,97.9,1405.0,5.59,11428.0,Failure Risk
1151,98.1,9.09,0.97,4.61,100.9,1372.0,5.52,11511.0,Failure Risk
1152,97.2,8.63,0.98,4.6,96.8,1383.0,5.36,11512.0,Failure Risk
1153,97.4,9.25,0.9,4.51,96.9,1395.0,5.65,11537.0,Failure Risk
1154,93.3,8.99,0.97,4.69,96.3,1399.0,5.98,11523.0,Failure Risk
1155,98.5,10.18,0.92,4.66,95.9,1416.0,5.33,11527.0,Failure Risk
1156,96.7,9.94,0.84,4.7,98.3,1401.0,5.6,11610.0,Failure Risk
1157,95.4,9.27,1.0,4.58,92.9,1389.0,5.71,11516.0,Failure Risk
1158,96.5,10.46,0.9,4.66,101.2,1378.0,5.63,11592.0,Failure Risk
1159,92.7,9.96,0.89,4.54,95.4,1382.0,5.6,11563.0,Failure Risk
1160,97.1,9.45,0.92,4.84,99.5,1382.0,5.42,11580.0,Failure Risk
1161,94.3,8.59,0.95,4.49,93.5,1397.0,5.65,11590.0,Failure Risk
1162,93.7,10.51,0.93,4.84,99.3,1392.0,5.51,11586.0,Failure Risk
1163,93.4,9.05,0.96,4.59,99.3,1373.0,5.29,11637.0,Failure Risk
1164,98.7,8.96,0.87,4.42,98.4,1383.0,5.8,11672.0,Failure Risk
1165,95.2,10.04,0.9,4.75,94.2,1399.0,5.77,11654.0,Failure Risk
1166,99.6,10.61,0.93,4.6,97.9,1393.0,5.64,11653.0,Failure Risk
1167,95.5,10.2,1.03,4.68,93.6,1395.0,5.66,11630.0,Failure Risk
1168,93.2,9.88,0.93,4.73,96.3,1393.0,5.79,11686.0,Failure Risk
1169,94.4,9.91,0.99,4.62,100.1,1408.0,5.67,11745.0,Failure Risk
1170,99.2,10.02,0.93,4.51,99.4,1391.0,5.77,11679.0,Failure Risk
1171,96.4,9.99,0.91,4.7,97.0,1383.0,5.59,11689.0,Failure Risk
1172,95.7,9.81,0.92,4.58,94.0,1377.0,5.84,11693.0,Failure Risk
1173,97.2,9.75,0.92,4.66,98.9,1391.0,5.69,11705.0,Failure Risk
1174,97.9,9.69,0.96,4.32,96.9,1358.0,5.67,11648.0,Failure Risk
1175,99.2,9.43,1.0,4.63,89.9,1385.0,5.46,11752.0,Failure Risk
1176,99.9,9.63,0.95,4.5,99.2,1385.0,5.69,11725.0,Failure Risk
1177,96.3,9.07,0.99,4.77,96.7,1371.0,5.53,11712.0,Failure Risk
1178,94.4,9.72,0.88,4.65,100.4,1376.0,5.56,11793.0,Failure Risk
1179,96.3,9.38,0.91,4.6,93.4,1397.0,5.53,11748.0,Failure Risk
1180,97.6,9.34,0.89,4.63,87.2,1390.0,5.5,11780.0,Failure Risk
1181,95.2,9.86,0.94,4.45,97.5,1388.0,5.98,11844.0,Failure Risk
1182,95.3,10.36,0.91,4.76,97.5,1391.0,5.86,11768.0,Failure Risk
1183,97.9,10.18,0.96,4.81,91.5,1388.0,5.95,11774.0,Failure Risk
1184,97.2,9.19,0.88,4.61,93.6,1402.0,5.48,11838.0,Failure Risk
1185,97.4,9.44,0.93,4.76,104.8,1388.0,5.68,11874.0,Failure Risk
1186,95.9,10.22,0.96,4.5,95.6,1369.0,5.47,11803.0,Failure Risk
1187,97.0,9.46,0.82,4.47,98.7,1406.0,5.57,11872.0,Failure Risk
1188,95.6,9.77,1.03,4.57,94.5,1391.0,5.54,11887.0,Failure Risk
1189,99.3,10.09,0.91,4.61,90.1,1379.0,5.86,11818.0,Failure Risk
1190,99.6,9.5,0.82,4.51,95.9,1371.0,5.62,11914.0,Failure Risk
1191,93.9,9.94,0.93,4.62,95.5,1391.0,5.84,11926.0,Failure Risk
1192,95.8,9.37,0.93,4.6,95.1,1384.0,5.77,11901.0,Failure Risk
1193,94.7,9.68,0.92,4.44,95.9,1405.0,6.03,11958.0,Failure Risk
1194,96.4,10.05,0.97,4.62,97.0,1382.0,5.46,11964.0,Failure Risk
1195,97.6,9.3,0.96,4.66,95.7,1376.0,5.88,11943.0,Failure Risk
1196,94.9,10.12,0.94,4.58,92.4,1396.0,5.86,11936.0,Failure Risk
1197,96.0,9.95,0.94,4.69,97.6,1396.0,5.55,11931.0,Failure Risk
1198,95.9,10.19,0.92,4.41,90.3,1387.0,5.84,11969.0,Failure Risk
1199,98.3,10.07,1.01,4.61,89.9,1393.0,5.75,11997.0,Failure Risk
1200,98.1,10.54,0.85,4.41,98.3,1385.0,5.66,11980.0,Failure Risk
